title,date,description,crime_type,location,source_url
Bank employee arrested for facilitating cyber fraud worth several crores: Delhi Crime Branch - tennews.in,"Sun, 12 Apr 2026 07:09:52 GMT",Bank employee arrested for facilitating cyber fraud worth several crores: Delhi Crime Branch - tennews.in,Fraud,delhi,https://news.google.com/rss/articles/CBMisAFBVV95cUxOS1ctSWhaVWdrY3VSYlNfOE5IV1BfQW1oNW05cFFCdEJJSGkxRjl2MU5EdERwVzgyUTYwWEx3elRNdXQ5cm5vSERvMHhSYTBfXzl5QnV5eU5fdng1Mm1LMFBidTYyaUFMOGxpWWJqOGxZSzBYTWVZekhMbER0RGgtTEViZjhXQmRHWDFlb2RkT2JZYTdBV29iMFVLQlAwWFhkTFRKdVFkdWNXaEtjN0VCbQ?oc=5
Delhi Crime Branch Arrests Mastermind Behind Temple and Hospital Cheating Racket - The Impressive Times,"Fri, 10 Apr 2026 07:15:25 GMT",Delhi Crime Branch Arrests Mastermind Behind Temple and Hospital Cheating Racket - The Impressive Times,Fraud,delhi,https://news.google.com/rss/articles/CBMif0FVX3lxTFBPdGdiTXczS0xIcjZ6MDgzZmdZN01paHpWRXJrNHpVeFJPUVVLdXZYQXVNYVM2VjZYb2sxSUNENm9TTlozZU5mRE5VeDJNdktkQ05pQUFqYS1GQ2ZibFRuVDVXNEdSV0QxUDZCMlBUdWJ0WVN6WThMMXM5SlBTZkE?oc=5
Man found dead in northeast Delhi; three held for murder - thepatriot.in,"Sat, 11 Apr 2026 13:08:46 GMT",Man found dead in northeast Delhi; three held for murder - thepatriot.in,Murder,delhi,https://news.google.com/rss/articles/CBMimAFBVV95cUxNclpQWWZUM3pCcTVodHNmV0NQLVYxM0RYVFNnNG05VENuTjdzN2FRYXVZYWhqNTg5M09sMklHVm53SDZPVWFsQ2dSbTdyTnE1NERhdlh3RlJDbUFmcnM3R3NubzdQVmg5a1lwVHR3Q25yM2tzcTg5bVhGdWxWYjctcmdfdk90M3d0WC1rRi1lc0RMNFlzRnhfS9IBngFBVV95cUxOZUNiMmVvaFNkekRJUzF5Q2tNVVAwS1A1dDY2a01Bc3laZE42QzdFaTBCdXl0M1ZvUW9QTXctLXZpQi1sR2JrMldBLWRxdnktS3BEQmw4cVFYb2RwZ0pKaGZseXcxUUQ2emdXSHZvLVRiemcxV0xsbWlNV21MeXQ0Ujd1SExhamE1SzMxVThXOFYyNVZRN2hNajZjYjlKdw?oc=5
Delhi Crime Branch Cracks Down on Cheating Racket Led by Female Kingpin - Devdiscourse,"Fri, 10 Apr 2026 08:13:50 GMT",Delhi Crime Branch Cracks Down on Cheating Racket Led by Female Kingpin - Devdiscourse,Fraud,delhi,https://news.google.com/rss/articles/CBMixAFBVV95cUxOOWlRemVKLVVnQm5XNTc3bWxqamNZSmZBWEZfS3RQOC1qWWxYNTkxdHhqNjFBT3pGMDZ4NFN5cnNLa012N29oNzJaTGVtTmh1cnRtaG9iTXh3SjZBY0ZtR0lYRVlWR3ZkNGFfdndHZ3RQX3V4TlVtdWNDOXBMNVRTSm13NXlyLU93N1U1Ql9VUFkyOV9wWlllOW5DYTJITjF4a2ExTkdIb29RUGRhbEFSSXp6cDBEaFQ4U1VPNW45Rm52bVVF0gHKAUFVX3lxTFBkRHp1emhHa1FNMmUxYTRUdnNYR1JCc0lYNXdNTHdiUzlldC1vMWJMOElORmZJbDJlazNEeDJ0X2NITERtTDR4YW9uQjlyVzAzTnVUNVQ2cHRyZ0tTYTFleGVxVjFHT0JEUDdkNk93X29jYlFhZUhDWkpOek1zajNaTnR1U2V2S0xMTU1SeFJwc0Znb09GWWV2cTlkNGJrVUVKN3Jvb2NsVlM5cnZPTlJBNllGT01DbndBRFdwcW55anZJR1BwcXFWd1E?oc=5
"Delhi: Crime branch busts inter-state mobile theft racket, 83 phones recovered - India's News.Net","Sun, 29 Mar 2026 13:30:00 GMT","Delhi: Crime branch busts inter-state mobile theft racket, 83 phones recovered - India's News.Net",Theft,delhi,https://news.google.com/rss/articles/CBMiugFBVV95cUxNeG5KZURvNldxN1Rrb0FlU1pHbS1KQXVpcUxjend6UWxmUDU4VHZlNjZFd0FJb3lWRzBCeU9tZEV2NEhlaFAxLTJxbW9FaUVnZmxZaktsaFhHSDl4OF82SUUwMTU2aExneE9fdVBvMF92MEVlWmZQMW5GS3E5ek11UG9YLU1nY01BYUJ4eElLUHdKZXF4RFVXamRhUlRPYnZ6LVdWY0s4NlRQeUhLbHFNb0o3VFcwbnRXZXc?oc=5
"Delhi Crime Report 2025: Murder, rape, robbery cases drop sharply; police claim improved law and order - India TV News","Wed, 21 Jan 2026 08:00:00 GMT","Delhi Crime Report 2025: Murder, rape, robbery cases drop sharply; police claim improved law and order - India TV News",Murder,delhi,https://news.google.com/rss/articles/CBMi_wFBVV95cUxNN2RTRTJVU250WVZUelZ3b3ZCZU9tTGZlS05SVWtvY0FMbXhYYmxSVTlkNlBhbFpuV1M0R0lOQVc2RlVOQ0JKLVkzQlkzRlpPMmpkcjVTZzZMRmhiRGVWS1VIdTJGckFjUjY4Rl80cHJEbERkRkppYmhKY2kwaWhtQ1dQWWN3QnBUeG5DLXJSRFhqajdnbnNiVmhmMXZHOXA0alVEbnhKVnk1OTJMUHdCZTdIN1FEV1FLSTJ4Q2NVUVVJR3FrNnpLa1pkVFY2ZlJtZXduVHBwdHROc2dTUFVRNXJSbHJ3dXpMTDJUcFlOVDBGdXc0cE1sM3BHNW1tUWPSAYQCQVVfeXFMTWFjeVliaGp1MGpYckI2b3BPTE1fZVQ0SXhGZFVnd3pWV0lJaXQxOWZJZUQzM2NSUnVIODdqMXlzRHNnSDBJWjR6Zm00b2V4dURFS3VZYlU0UXREMXo4YnBVeFRrVThya0U0SU5WQk9wQXdpeWstQS1USmVuXzFCYjRxNmtjQ1hjdGdNVnhDQXRnd044OGVsaXJhSWhOR3Z3SjBkNXJUQUVDZUFKODR5UTVCVjdfQUgwWlF1SkdmM1Z6R0JjLUhoRHlWYi1ES2FhT2ZjdFc0WFRmdUtKZlpTTFJ0UlREOE9iVUNJZkJGQ0RRMTh6cjVVU3R2UTUxbE1yY1JzNXE?oc=5
"Rape, Pocso convict who jumped bail in 2022 held by Delhi crime branch - The Times of India","Tue, 27 Jan 2026 08:00:00 GMT","Rape, Pocso convict who jumped bail in 2022 held by Delhi crime branch - The Times of India",Assault,delhi,https://news.google.com/rss/articles/CBMi2gFBVV95cUxQOTJWN2NYd2YzaTZ2MXItODNWMlpld0hvRnk0SDFGWmowdm9vR3Y3RkJOZVZVV3dMQW9hOXk5VkdTYTA2eW8zTDJ6YnpqTnpfci1hdHJic0ZGOXRWUTRVcHZVS2RPUXZwN3RmRGZNWkVNYi00elZxZHdKZUU4eEpkOHdkSTdPdUJTSXh4QU1XSWVfbDRsYkpNZy1sMWZYNTFQdmZGSVFWYkl4WE94MXhfWlR2TzAwTGszZExfdHdrem54T1ZnVjduSThvWmNRNjdsMGhBOFJuM3Rld9IB3wFBVV95cUxQWW51bGh0SktIVlZ0cGZTNjNTMGs5NU1IRVgwMHJsTEFVTWxzUEUyZUxsemkxdnhwdFlCSlBMelhCMDhjYXhjQ1d6WWpMckxUSFdNM1ZKbzdlTFdjc0FGM043MnFHelJBXy1KckNnTUExZ1ZUSHVfOXBoSy02UmotQ0k5bnBBQXA5WmtTVnhBZ1dSblBQMEdqUkhuRjZBLW5FaUc2ZHZ0OVdGVDFkcGhuUC00bzkxZWZLSEZWUHRMZFM2RG4tTkYzUWk1RTJKaDVLZ1VSRWNGam1waVFQTDFr?oc=5
"Delhi Crime Data 2024: Burglary Cases Rise 30%, Attempt To Murder Incidents Rise - Outlook India","Thu, 15 Jan 2026 08:00:00 GMT","Delhi Crime Data 2024: Burglary Cases Rise 30%, Attempt To Murder Incidents Rise - Outlook India",Murder,delhi,https://news.google.com/rss/articles/CBMitgFBVV95cUxQM0tUZHFmcDEybVVjMkkyTmlSVVZwUlplYlFxVDFKS2t0YmQwSEF3RFZIYU5MTnhrRzlpWVlWczk5ekxDVVlqNlZvR2NhbE1fckdJUm9sajc1RUg5OS1UMmJFNUJ5QllQTTNQLXdsVW8xQ3FUWmp2M3ozWWFoTFF4Y3BFZXYtZENIZ29kLWk0U3E3Q2dzTURRUE5rQ1h5Uk9MdTNLZGdQMTNWbHc4YlF6NjZSQUt4QdIBwwFBVV95cUxNOHNjQWhNMG91MklTVF91V3QyNnNGeGVpMnZUVkwzb19BTHFlbkpUNVU1TTZmd3VudUx0VVBoXzdfRjVWcnVOSzNkSlhQTG5yNkxKTDYwY0FEOTM4TUJaUlVDWktHRnU4MVBKS1ItZkRwU1FSTk1jbVNzTkpJMGFPcGtmT0dGVm55NWFnaVo4dHVEMVZCendiOHptR1dZRHctX3ZHMmdJZnE3UzlPT3ZtQXJfQk1oanRpZXBQRzZyUEVYN00?oc=5
Crime Branch Of Delhi Police Files Two FIRs Against Al-Falah University For Cheating And Forgery - News On AIR,"Sun, 16 Nov 2025 08:00:00 GMT",Crime Branch Of Delhi Police Files Two FIRs Against Al-Falah University For Cheating And Forgery - News On AIR,Fraud,delhi,https://news.google.com/rss/articles/CBMiuAFBVV95cUxNa3R2dTVscDJfcnF2UUJKWE1QWXdZaE5HT19sSldseWJRUUFfTUx1YmI5TWJjRzB4SG5zbFFLZjhYZDdRY0VrVmxpaTlnZVBNemlJYU91aEFYNmdadWZ3WFBDWlFlTTM5cy1ISVVfaC1Sd3hUY2tsRGtxeTB2SEh0M1RJeHNmZjJVOFc3V0loVTZlZld1NUNWY1c5ZVJvZFc0WGdfRHhHQXBmbXJrTnQ5TVl0YUtPaVF4?oc=5
Cyber fraud reported in Burari,2026-02-24,A fraud incident was reported in burari. Police are investigating the case.,Fraud,burari,synthetic_data
Online fraud case in Patel Nagar,2026-03-14,A fraud incident was reported in patel nagar. Police are investigating the case.,Fraud,patel nagar,synthetic_data
Youth shot dead in Dwarka,2026-02-28,A murder incident was reported in dwarka. Police are investigating the case.,Murder,dwarka,synthetic_data
Cyber fraud reported in Rajouri Garden,2026-03-18,A fraud incident was reported in rajouri garden. Police are investigating the case.,Fraud,rajouri garden,synthetic_data
Body found in Tilak Nagar area,2026-02-14,A murder incident was reported in tilak nagar. Police are investigating the case.,Murder,tilak nagar,synthetic_data
Child kidnapped from Saket,2026-04-07,A kidnapping incident was reported in saket. Police are investigating the case.,Kidnapping,saket,synthetic_data
Online fraud case in Burari,2026-03-29,A fraud incident was reported in burari. Police are investigating the case.,Fraud,burari,synthetic_data
Child kidnapped from Janakpuri,2026-03-21,A kidnapping incident was reported in janakpuri. Police are investigating the case.,Kidnapping,janakpuri,synthetic_data
Cyber fraud reported in Ashok Vihar,2026-03-02,A fraud incident was reported in ashok vihar. Police are investigating the case.,Fraud,ashok vihar,synthetic_data
Man beaten in Hauz Khas,2026-04-01,A assault incident was reported in hauz khas. Police are investigating the case.,Assault,hauz khas,synthetic_data
Mobile snatching in Defence Colony,2026-03-30,A theft incident was reported in defence colony. Police are investigating the case.,Theft,defence colony,synthetic_data
Body found in Janakpuri area,2026-03-03,A murder incident was reported in janakpuri. Police are investigating the case.,Murder,janakpuri,synthetic_data
Online fraud case in Defence Colony,2026-03-23,A fraud incident was reported in defence colony. Police are investigating the case.,Fraud,defence colony,synthetic_data
Online fraud case in Saket,2026-04-04,A fraud incident was reported in saket. Police are investigating the case.,Fraud,saket,synthetic_data
Man stabbed to death in Vasant Kunj,2026-03-17,A murder incident was reported in vasant kunj. Police are investigating the case.,Murder,vasant kunj,synthetic_data
Child kidnapped from Connaught Place,2026-03-17,A kidnapping incident was reported in connaught place. Police are investigating the case.,Kidnapping,connaught place,synthetic_data
House robbery in Janakpuri,2026-02-22,A theft incident was reported in janakpuri. Police are investigating the case.,Theft,janakpuri,synthetic_data
Scam worth lakhs in Ashok Vihar,2026-03-17,A fraud incident was reported in ashok vihar. Police are investigating the case.,Fraud,ashok vihar,synthetic_data
Kidnap case reported in Janakpuri,2026-03-09,A kidnapping incident was reported in janakpuri. Police are investigating the case.,Kidnapping,janakpuri,synthetic_data
Child kidnapped from Lajpat Nagar,2026-03-05,A kidnapping incident was reported in lajpat nagar. Police are investigating the case.,Kidnapping,lajpat nagar,synthetic_data
Man beaten in Najafgarh,2026-04-03,A assault incident was reported in najafgarh. Police are investigating the case.,Assault,najafgarh,synthetic_data
Youth shot dead in Lajpat Nagar,2026-03-01,A murder incident was reported in lajpat nagar. Police are investigating the case.,Murder,lajpat nagar,synthetic_data
Harassment case reported in Mayur Vihar,2026-03-18,A assault incident was reported in mayur vihar. Police are investigating the case.,Assault,mayur vihar,synthetic_data
Minor abducted in Lajpat Nagar,2026-04-06,A kidnapping incident was reported in lajpat nagar. Police are investigating the case.,Kidnapping,lajpat nagar,synthetic_data
Man beaten in Rajouri Garden,2026-03-19,A assault incident was reported in rajouri garden. Police are investigating the case.,Assault,rajouri garden,synthetic_data
House robbery in Saket,2026-03-15,A theft incident was reported in saket. Police are investigating the case.,Theft,saket,synthetic_data
Man beaten in Burari,2026-03-22,A assault incident was reported in burari. Police are investigating the case.,Assault,burari,synthetic_data
Man stabbed to death in Karol Bagh,2026-04-01,A murder incident was reported in karol bagh. Police are investigating the case.,Murder,karol bagh,synthetic_data
Man stabbed to death in Shahdara,2026-03-28,A murder incident was reported in shahdara. Police are investigating the case.,Murder,shahdara,synthetic_data
Harassment case reported in Shahdara,2026-02-25,A assault incident was reported in shahdara. Police are investigating the case.,Assault,shahdara,synthetic_data
Harassment case reported in Okhla,2026-03-27,A assault incident was reported in okhla. Police are investigating the case.,Assault,okhla,synthetic_data
Bike stolen from Dwarka,2026-04-04,A theft incident was reported in dwarka. Police are investigating the case.,Theft,dwarka,synthetic_data
Harassment case reported in Burari,2026-03-25,A assault incident was reported in burari. Police are investigating the case.,Assault,burari,synthetic_data
House robbery in Najafgarh,2026-02-18,A theft incident was reported in najafgarh. Police are investigating the case.,Theft,najafgarh,synthetic_data
Minor abducted in Najafgarh,2026-03-29,A kidnapping incident was reported in najafgarh. Police are investigating the case.,Kidnapping,najafgarh,synthetic_data
Bike stolen from Kalkaji,2026-03-29,A theft incident was reported in kalkaji. Police are investigating the case.,Theft,kalkaji,synthetic_data
Harassment case reported in Rohini,2026-02-21,A assault incident was reported in rohini. Police are investigating the case.,Assault,rohini,synthetic_data
Scam worth lakhs in Karol Bagh,2026-04-10,A fraud incident was reported in karol bagh. Police are investigating the case.,Fraud,karol bagh,synthetic_data
Man beaten in Connaught Place,2026-02-25,A assault incident was reported in connaught place. Police are investigating the case.,Assault,connaught place,synthetic_data
Harassment case reported in Tilak Nagar,2026-03-11,A assault incident was reported in tilak nagar. Police are investigating the case.,Assault,tilak nagar,synthetic_data
Mobile snatching in Janakpuri,2026-03-26,A theft incident was reported in janakpuri. Police are investigating the case.,Theft,janakpuri,synthetic_data
Youth shot dead in Ashok Vihar,2026-04-10,A murder incident was reported in ashok vihar. Police are investigating the case.,Murder,ashok vihar,synthetic_data
Scam worth lakhs in Kalkaji,2026-03-01,A fraud incident was reported in kalkaji. Police are investigating the case.,Fraud,kalkaji,synthetic_data
Kidnap case reported in Connaught Place,2026-03-28,A kidnapping incident was reported in connaught place. Police are investigating the case.,Kidnapping,connaught place,synthetic_data
Harassment case reported in Dwarka,2026-04-01,A assault incident was reported in dwarka. Police are investigating the case.,Assault,dwarka,synthetic_data
Kidnap case reported in Rohini,2026-02-19,A kidnapping incident was reported in rohini. Police are investigating the case.,Kidnapping,rohini,synthetic_data
Online fraud case in Tilak Nagar,2026-04-05,A fraud incident was reported in tilak nagar. Police are investigating the case.,Fraud,tilak nagar,synthetic_data
House robbery in Lajpat Nagar,2026-03-15,A theft incident was reported in lajpat nagar. Police are investigating the case.,Theft,lajpat nagar,synthetic_data
Woman assaulted in Rohini,2026-03-26,A assault incident was reported in rohini. Police are investigating the case.,Assault,rohini,synthetic_data
Bike stolen from Burari,2026-03-16,A theft incident was reported in burari. Police are investigating the case.,Theft,burari,synthetic_data
Body found in Patel Nagar area,2026-02-23,A murder incident was reported in patel nagar. Police are investigating the case.,Murder,patel nagar,synthetic_data
Scam worth lakhs in Saket,2026-03-09,A fraud incident was reported in saket. Police are investigating the case.,Fraud,saket,synthetic_data
Bike stolen from Okhla,2026-03-17,A theft incident was reported in okhla. Police are investigating the case.,Theft,okhla,synthetic_data
Body found in Rajouri Garden area,2026-02-16,A murder incident was reported in rajouri garden. Police are investigating the case.,Murder,rajouri garden,synthetic_data
Man stabbed to death in Patel Nagar,2026-02-18,A murder incident was reported in patel nagar. Police are investigating the case.,Murder,patel nagar,synthetic_data
Man beaten in Pitampura,2026-04-12,A assault incident was reported in pitampura. Police are investigating the case.,Assault,pitampura,synthetic_data
Minor abducted in Kalkaji,2026-03-17,A kidnapping incident was reported in kalkaji. Police are investigating the case.,Kidnapping,kalkaji,synthetic_data
Child kidnapped from Rohini,2026-02-15,A kidnapping incident was reported in rohini. Police are investigating the case.,Kidnapping,rohini,synthetic_data
Minor abducted in Saket,2026-04-01,A kidnapping incident was reported in saket. Police are investigating the case.,Kidnapping,saket,synthetic_data
Woman assaulted in Patel Nagar,2026-03-26,A assault incident was reported in patel nagar. Police are investigating the case.,Assault,patel nagar,synthetic_data
Cyber fraud reported in Kalkaji,2026-03-11,A fraud incident was reported in kalkaji. Police are investigating the case.,Fraud,kalkaji,synthetic_data
Body found in Connaught Place area,2026-03-10,A murder incident was reported in connaught place. Police are investigating the case.,Murder,connaught place,synthetic_data
Mobile snatching in Najafgarh,2026-03-24,A theft incident was reported in najafgarh. Police are investigating the case.,Theft,najafgarh,synthetic_data
Man beaten in Lajpat Nagar,2026-03-20,A assault incident was reported in lajpat nagar. Police are investigating the case.,Assault,lajpat nagar,synthetic_data
Harassment case reported in Patel Nagar,2026-03-26,A assault incident was reported in patel nagar. Police are investigating the case.,Assault,patel nagar,synthetic_data
Kidnap case reported in Shahdara,2026-03-19,A kidnapping incident was reported in shahdara. Police are investigating the case.,Kidnapping,shahdara,synthetic_data
Cyber fraud reported in Connaught Place,2026-03-18,A fraud incident was reported in connaught place. Police are investigating the case.,Fraud,connaught place,synthetic_data
Body found in Mayur Vihar area,2026-02-12,A murder incident was reported in mayur vihar. Police are investigating the case.,Murder,mayur vihar,synthetic_data
Scam worth lakhs in Shahdara,2026-02-20,A fraud incident was reported in shahdara. Police are investigating the case.,Fraud,shahdara,synthetic_data
Scam worth lakhs in Najafgarh,2026-02-24,A fraud incident was reported in najafgarh. Police are investigating the case.,Fraud,najafgarh,synthetic_data
Body found in Lajpat Nagar area,2026-03-19,A murder incident was reported in lajpat nagar. Police are investigating the case.,Murder,lajpat nagar,synthetic_data
Scam worth lakhs in Mayur Vihar,2026-04-06,A fraud incident was reported in mayur vihar. Police are investigating the case.,Fraud,mayur vihar,synthetic_data
Mobile snatching in Connaught Place,2026-02-17,A theft incident was reported in connaught place. Police are investigating the case.,Theft,connaught place,synthetic_data
Online fraud case in Vasant Kunj,2026-04-11,A fraud incident was reported in vasant kunj. Police are investigating the case.,Fraud,vasant kunj,synthetic_data
House robbery in Connaught Place,2026-03-08,A theft incident was reported in connaught place. Police are investigating the case.,Theft,connaught place,synthetic_data
Mobile snatching in Patel Nagar,2026-02-19,A theft incident was reported in patel nagar. Police are investigating the case.,Theft,patel nagar,synthetic_data
Child kidnapped from Tilak Nagar,2026-03-23,A kidnapping incident was reported in tilak nagar. Police are investigating the case.,Kidnapping,tilak nagar,synthetic_data
Child kidnapped from Patel Nagar,2026-02-14,A kidnapping incident was reported in patel nagar. Police are investigating the case.,Kidnapping,patel nagar,synthetic_data
Bike stolen from Shahdara,2026-02-22,A theft incident was reported in shahdara. Police are investigating the case.,Theft,shahdara,synthetic_data
Kidnap case reported in Patel Nagar,2026-04-05,A kidnapping incident was reported in patel nagar. Police are investigating the case.,Kidnapping,patel nagar,synthetic_data
Man beaten in Vasant Kunj,2026-03-05,A assault incident was reported in vasant kunj. Police are investigating the case.,Assault,vasant kunj,synthetic_data
Bike stolen from Mayur Vihar,2026-02-24,A theft incident was reported in mayur vihar. Police are investigating the case.,Theft,mayur vihar,synthetic_data
Scam worth lakhs in Hauz Khas,2026-03-20,A fraud incident was reported in hauz khas. Police are investigating the case.,Fraud,hauz khas,synthetic_data
House robbery in Vasant Kunj,2026-02-25,A theft incident was reported in vasant kunj. Police are investigating the case.,Theft,vasant kunj,synthetic_data
Minor abducted in Burari,2026-02-27,A kidnapping incident was reported in burari. Police are investigating the case.,Kidnapping,burari,synthetic_data
Scam worth lakhs in Rohini,2026-02-11,A fraud incident was reported in rohini. Police are investigating the case.,Fraud,rohini,synthetic_data
Kidnap case reported in Dwarka,2026-02-11,A kidnapping incident was reported in dwarka. Police are investigating the case.,Kidnapping,dwarka,synthetic_data
Youth shot dead in Connaught Place,2026-04-02,A murder incident was reported in connaught place. Police are investigating the case.,Murder,connaught place,synthetic_data
Man stabbed to death in Lajpat Nagar,2026-03-16,A murder incident was reported in lajpat nagar. Police are investigating the case.,Murder,lajpat nagar,synthetic_data
Minor abducted in Tilak Nagar,2026-04-08,A kidnapping incident was reported in tilak nagar. Police are investigating the case.,Kidnapping,tilak nagar,synthetic_data
Man stabbed to death in Dwarka,2026-02-17,A murder incident was reported in dwarka. Police are investigating the case.,Murder,dwarka,synthetic_data
Woman assaulted in Defence Colony,2026-03-10,A assault incident was reported in defence colony. Police are investigating the case.,Assault,defence colony,synthetic_data
Man stabbed to death in Mayur Vihar,2026-03-28,A murder incident was reported in mayur vihar. Police are investigating the case.,Murder,mayur vihar,synthetic_data
House robbery in Defence Colony,2026-03-07,A theft incident was reported in defence colony. Police are investigating the case.,Theft,defence colony,synthetic_data
House robbery in Dwarka,2026-04-07,A theft incident was reported in dwarka. Police are investigating the case.,Theft,dwarka,synthetic_data
Bike stolen from Rajouri Garden,2026-04-02,A theft incident was reported in rajouri garden. Police are investigating the case.,Theft,rajouri garden,synthetic_data
Online fraud case in Janakpuri,2026-03-13,A fraud incident was reported in janakpuri. Police are investigating the case.,Fraud,janakpuri,synthetic_data
Man stabbed to death in Connaught Place,2026-03-02,A murder incident was reported in connaught place. Police are investigating the case.,Murder,connaught place,synthetic_data
Online fraud case in Kalkaji,2026-03-13,A fraud incident was reported in kalkaji. Police are investigating the case.,Fraud,kalkaji,synthetic_data
Online fraud case in Okhla,2026-03-02,A fraud incident was reported in okhla. Police are investigating the case.,Fraud,okhla,synthetic_data
Scam worth lakhs in Dwarka,2026-03-28,A fraud incident was reported in dwarka. Police are investigating the case.,Fraud,dwarka,synthetic_data
Mobile snatching in Karol Bagh,2026-03-29,A theft incident was reported in karol bagh. Police are investigating the case.,Theft,karol bagh,synthetic_data
Online fraud case in Karol Bagh,2026-03-08,A fraud incident was reported in karol bagh. Police are investigating the case.,Fraud,karol bagh,synthetic_data
Cyber fraud reported in Dwarka,2026-03-25,A fraud incident was reported in dwarka. Police are investigating the case.,Fraud,dwarka,synthetic_data
Woman assaulted in Mayur Vihar,2026-02-26,A assault incident was reported in mayur vihar. Police are investigating the case.,Assault,mayur vihar,synthetic_data
Cyber fraud reported in Defence Colony,2026-03-05,A fraud incident was reported in defence colony. Police are investigating the case.,Fraud,defence colony,synthetic_data
Woman assaulted in Connaught Place,2026-02-24,A assault incident was reported in connaught place. Police are investigating the case.,Assault,connaught place,synthetic_data
Bike stolen from Ashok Vihar,2026-03-04,A theft incident was reported in ashok vihar. Police are investigating the case.,Theft,ashok vihar,synthetic_data
House robbery in Karol Bagh,2026-03-25,A theft incident was reported in karol bagh. Police are investigating the case.,Theft,karol bagh,synthetic_data
House robbery in Ashok Vihar,2026-04-06,A theft incident was reported in ashok vihar. Police are investigating the case.,Theft,ashok vihar,synthetic_data
Child kidnapped from Mayur Vihar,2026-04-09,A kidnapping incident was reported in mayur vihar. Police are investigating the case.,Kidnapping,mayur vihar,synthetic_data
Body found in Karol Bagh area,2026-03-16,A murder incident was reported in karol bagh. Police are investigating the case.,Murder,karol bagh,synthetic_data
Child kidnapped from Kalkaji,2026-02-22,A kidnapping incident was reported in kalkaji. Police are investigating the case.,Kidnapping,kalkaji,synthetic_data
Man beaten in Ashok Vihar,2026-04-03,A assault incident was reported in ashok vihar. Police are investigating the case.,Assault,ashok vihar,synthetic_data
Woman assaulted in Kalkaji,2026-03-03,A assault incident was reported in kalkaji. Police are investigating the case.,Assault,kalkaji,synthetic_data
Mobile snatching in Okhla,2026-04-01,A theft incident was reported in okhla. Police are investigating the case.,Theft,okhla,synthetic_data
Body found in Ashok Vihar area,2026-03-01,A murder incident was reported in ashok vihar. Police are investigating the case.,Murder,ashok vihar,synthetic_data
House robbery in Patel Nagar,2026-02-25,A theft incident was reported in patel nagar. Police are investigating the case.,Theft,patel nagar,synthetic_data
Kidnap case reported in Lajpat Nagar,2026-03-23,A kidnapping incident was reported in lajpat nagar. Police are investigating the case.,Kidnapping,lajpat nagar,synthetic_data
Harassment case reported in Defence Colony,2026-03-26,A assault incident was reported in defence colony. Police are investigating the case.,Assault,defence colony,synthetic_data
Woman assaulted in Hauz Khas,2026-02-27,A assault incident was reported in hauz khas. Police are investigating the case.,Assault,hauz khas,synthetic_data
Online fraud case in Lajpat Nagar,2026-03-02,A fraud incident was reported in lajpat nagar. Police are investigating the case.,Fraud,lajpat nagar,synthetic_data
Body found in Najafgarh area,2026-04-01,A murder incident was reported in najafgarh. Police are investigating the case.,Murder,najafgarh,synthetic_data
Online fraud case in Pitampura,2026-03-10,A fraud incident was reported in pitampura. Police are investigating the case.,Fraud,pitampura,synthetic_data
Minor abducted in Shahdara,2026-04-10,A kidnapping incident was reported in shahdara. Police are investigating the case.,Kidnapping,shahdara,synthetic_data
Youth shot dead in Pitampura,2026-03-27,A murder incident was reported in pitampura. Police are investigating the case.,Murder,pitampura,synthetic_data
Mobile snatching in Hauz Khas,2026-03-29,A theft incident was reported in hauz khas. Police are investigating the case.,Theft,hauz khas,synthetic_data
Man beaten in Rohini,2026-03-09,A assault incident was reported in rohini. Police are investigating the case.,Assault,rohini,synthetic_data
Cyber fraud reported in Najafgarh,2026-04-02,A fraud incident was reported in najafgarh. Police are investigating the case.,Fraud,najafgarh,synthetic_data
Harassment case reported in Vasant Kunj,2026-03-13,A assault incident was reported in vasant kunj. Police are investigating the case.,Assault,vasant kunj,synthetic_data
Woman assaulted in Okhla,2026-03-14,A assault incident was reported in okhla. Police are investigating the case.,Assault,okhla,synthetic_data
Mobile snatching in Vasant Kunj,2026-02-27,A theft incident was reported in vasant kunj. Police are investigating the case.,Theft,vasant kunj,synthetic_data
Cyber fraud reported in Mayur Vihar,2026-03-27,A fraud incident was reported in mayur vihar. Police are investigating the case.,Fraud,mayur vihar,synthetic_data
Kidnap case reported in Burari,2026-03-08,A kidnapping incident was reported in burari. Police are investigating the case.,Kidnapping,burari,synthetic_data
Minor abducted in Dwarka,2026-04-02,A kidnapping incident was reported in dwarka. Police are investigating the case.,Kidnapping,dwarka,synthetic_data
Cyber fraud reported in Lajpat Nagar,2026-02-15,A fraud incident was reported in lajpat nagar. Police are investigating the case.,Fraud,lajpat nagar,synthetic_data
Body found in Vasant Kunj area,2026-03-01,A murder incident was reported in vasant kunj. Police are investigating the case.,Murder,vasant kunj,synthetic_data
Man stabbed to death in Kalkaji,2026-03-24,A murder incident was reported in kalkaji. Police are investigating the case.,Murder,kalkaji,synthetic_data
House robbery in Rajouri Garden,2026-03-04,A theft incident was reported in rajouri garden. Police are investigating the case.,Theft,rajouri garden,synthetic_data
Child kidnapped from Hauz Khas,2026-03-01,A kidnapping incident was reported in hauz khas. Police are investigating the case.,Kidnapping,hauz khas,synthetic_data
Woman assaulted in Najafgarh,2026-04-05,A assault incident was reported in najafgarh. Police are investigating the case.,Assault,najafgarh,synthetic_data
Bike stolen from Connaught Place,2026-03-02,A theft incident was reported in connaught place. Police are investigating the case.,Theft,connaught place,synthetic_data
Mobile snatching in Pitampura,2026-02-28,A theft incident was reported in pitampura. Police are investigating the case.,Theft,pitampura,synthetic_data
Harassment case reported in Hauz Khas,2026-02-23,A assault incident was reported in hauz khas. Police are investigating the case.,Assault,hauz khas,synthetic_data
Youth shot dead in Kalkaji,2026-04-10,A murder incident was reported in kalkaji. Police are investigating the case.,Murder,kalkaji,synthetic_data
Scam worth lakhs in Connaught Place,2026-02-25,A fraud incident was reported in connaught place. Police are investigating the case.,Fraud,connaught place,synthetic_data
Cyber fraud reported in Saket,2026-02-23,A fraud incident was reported in saket. Police are investigating the case.,Fraud,saket,synthetic_data
Youth shot dead in Okhla,2026-04-07,A murder incident was reported in okhla. Police are investigating the case.,Murder,okhla,synthetic_data
Online fraud case in Rohini,2026-02-12,A fraud incident was reported in rohini. Police are investigating the case.,Fraud,rohini,synthetic_data
Cyber fraud reported in Janakpuri,2026-03-06,A fraud incident was reported in janakpuri. Police are investigating the case.,Fraud,janakpuri,synthetic_data
Harassment case reported in Karol Bagh,2026-04-07,A assault incident was reported in karol bagh. Police are investigating the case.,Assault,karol bagh,synthetic_data
Cyber fraud reported in Rohini,2026-03-17,A fraud incident was reported in rohini. Police are investigating the case.,Fraud,rohini,synthetic_data
Man stabbed to death in Najafgarh,2026-03-13,A murder incident was reported in najafgarh. Police are investigating the case.,Murder,najafgarh,synthetic_data
Man stabbed to death in Rohini,2026-03-24,A murder incident was reported in rohini. Police are investigating the case.,Murder,rohini,synthetic_data
House robbery in Okhla,2026-04-10,A theft incident was reported in okhla. Police are investigating the case.,Theft,okhla,synthetic_data
Bike stolen from Najafgarh,2026-04-05,A theft incident was reported in najafgarh. Police are investigating the case.,Theft,najafgarh,synthetic_data
Man beaten in Tilak Nagar,2026-03-27,A assault incident was reported in tilak nagar. Police are investigating the case.,Assault,tilak nagar,synthetic_data
Scam worth lakhs in Defence Colony,2026-03-12,A fraud incident was reported in defence colony. Police are investigating the case.,Fraud,defence colony,synthetic_data
Woman assaulted in Dwarka,2026-02-19,A assault incident was reported in dwarka. Police are investigating the case.,Assault,dwarka,synthetic_data
Man beaten in Karol Bagh,2026-04-01,A assault incident was reported in karol bagh. Police are investigating the case.,Assault,karol bagh,synthetic_data
Woman assaulted in Rajouri Garden,2026-04-07,A assault incident was reported in rajouri garden. Police are investigating the case.,Assault,rajouri garden,synthetic_data
Mobile snatching in Kalkaji,2026-04-11,A theft incident was reported in kalkaji. Police are investigating the case.,Theft,kalkaji,synthetic_data
Minor abducted in Patel Nagar,2026-03-14,A kidnapping incident was reported in patel nagar. Police are investigating the case.,Kidnapping,patel nagar,synthetic_data
Minor abducted in Hauz Khas,2026-02-16,A kidnapping incident was reported in hauz khas. Police are investigating the case.,Kidnapping,hauz khas,synthetic_data
Minor abducted in Pitampura,2026-02-17,A kidnapping incident was reported in pitampura. Police are investigating the case.,Kidnapping,pitampura,synthetic_data
Kidnap case reported in Kalkaji,2026-03-30,A kidnapping incident was reported in kalkaji. Police are investigating the case.,Kidnapping,kalkaji,synthetic_data
Child kidnapped from Karol Bagh,2026-03-12,A kidnapping incident was reported in karol bagh. Police are investigating the case.,Kidnapping,karol bagh,synthetic_data
Online fraud case in Najafgarh,2026-03-15,A fraud incident was reported in najafgarh. Police are investigating the case.,Fraud,najafgarh,synthetic_data
Scam worth lakhs in Burari,2026-04-07,A fraud incident was reported in burari. Police are investigating the case.,Fraud,burari,synthetic_data
Mobile snatching in Burari,2026-03-24,A theft incident was reported in burari. Police are investigating the case.,Theft,burari,synthetic_data
Bike stolen from Saket,2026-03-17,A theft incident was reported in saket. Police are investigating the case.,Theft,saket,synthetic_data
Scam worth lakhs in Janakpuri,2026-02-19,A fraud incident was reported in janakpuri. Police are investigating the case.,Fraud,janakpuri,synthetic_data
Scam worth lakhs in Okhla,2026-02-21,A fraud incident was reported in okhla. Police are investigating the case.,Fraud,okhla,synthetic_data
House robbery in Burari,2026-03-09,A theft incident was reported in burari. Police are investigating the case.,Theft,burari,synthetic_data
Kidnap case reported in Hauz Khas,2026-03-25,A kidnapping incident was reported in hauz khas. Police are investigating the case.,Kidnapping,hauz khas,synthetic_data
Online fraud case in Mayur Vihar,2026-03-24,A fraud incident was reported in mayur vihar. Police are investigating the case.,Fraud,mayur vihar,synthetic_data
Man stabbed to death in Janakpuri,2026-04-07,A murder incident was reported in janakpuri. Police are investigating the case.,Murder,janakpuri,synthetic_data
Man stabbed to death in Burari,2026-03-16,A murder incident was reported in burari. Police are investigating the case.,Murder,burari,synthetic_data
Mobile snatching in Mayur Vihar,2026-02-26,A theft incident was reported in mayur vihar. Police are investigating the case.,Theft,mayur vihar,synthetic_data
Youth shot dead in Mayur Vihar,2026-02-23,A murder incident was reported in mayur vihar. Police are investigating the case.,Murder,mayur vihar,synthetic_data
Kidnap case reported in Rajouri Garden,2026-02-22,A kidnapping incident was reported in rajouri garden. Police are investigating the case.,Kidnapping,rajouri garden,synthetic_data
Body found in Okhla area,2026-03-03,A murder incident was reported in okhla. Police are investigating the case.,Murder,okhla,synthetic_data
Minor abducted in Janakpuri,2026-03-03,A kidnapping incident was reported in janakpuri. Police are investigating the case.,Kidnapping,janakpuri,synthetic_data
Youth shot dead in Rohini,2026-04-10,A murder incident was reported in rohini. Police are investigating the case.,Murder,rohini,synthetic_data
Bike stolen from Lajpat Nagar,2026-03-09,A theft incident was reported in lajpat nagar. Police are investigating the case.,Theft,lajpat nagar,synthetic_data
Body found in Shahdara area,2026-02-14,A murder incident was reported in shahdara. Police are investigating the case.,Murder,shahdara,synthetic_data
Bike stolen from Hauz Khas,2026-02-20,A theft incident was reported in hauz khas. Police are investigating the case.,Theft,hauz khas,synthetic_data
Harassment case reported in Kalkaji,2026-03-17,A assault incident was reported in kalkaji. Police are investigating the case.,Assault,kalkaji,synthetic_data
Kidnap case reported in Ashok Vihar,2026-02-25,A kidnapping incident was reported in ashok vihar. Police are investigating the case.,Kidnapping,ashok vihar,synthetic_data
Woman assaulted in Ashok Vihar,2026-03-30,A assault incident was reported in ashok vihar. Police are investigating the case.,Assault,ashok vihar,synthetic_data
