title,date,description,crime_type,location,source_url,latitude,longitude,severity,recency,frequency,safety_score
Bank employee arrested for facilitating cyber fraud worth several crores: Delhi Crime Branch - tennews.in,2026-04-12 07:09:52,Bank employee arrested for facilitating cyber fraud worth several crores: Delhi Crime Branch - tennews.in,Fraud,delhi,https://news.google.com/rss/articles/CBMisAFBVV95cUxOS1ctSWhaVWdrY3VSYlNfOE5IV1BfQW1oNW05cFFCdEJJSGkxRjl2MU5EdERwVzgyUTYwWEx3elRNdXQ5cm5vSERvMHhSYTBfXzl5QnV5eU5fdng1Mm1LMFBidTYyaUFMOGxpWWJqOGxZSzBYTWVZekhMbER0RGgtTEViZjhXQmRHWDFlb2RkT2JZYTdBV29iMFVLQlAwWFhkTFRKdVFkdWNXaEtjN0VCbQ?oc=5,28.6138954,77.2090057,1.0,5,9,0.1471
Delhi Crime Branch Arrests Mastermind Behind Temple and Hospital Cheating Racket - The Impressive Times,2026-04-10 07:15:25,Delhi Crime Branch Arrests Mastermind Behind Temple and Hospital Cheating Racket - The Impressive Times,Fraud,delhi,https://news.google.com/rss/articles/CBMif0FVX3lxTFBPdGdiTXczS0xIcjZ6MDgzZmdZN01paHpWRXJrNHpVeFJPUVVLdXZYQXVNYVM2VjZYb2sxSUNENm9TTlozZU5mRE5VeDJNdktkQ05pQUFqYS1GQ2ZibFRuVDVXNEdSV0QxUDZCMlBUdWJ0WVN6WThMMXM5SlBTZkE?oc=5,28.6138954,77.2090057,1.0,5,9,0.1471
Man found dead in northeast Delhi; three held for murder - thepatriot.in,2026-04-11 13:08:46,Man found dead in northeast Delhi; three held for murder - thepatriot.in,Murder,delhi,https://news.google.com/rss/articles/CBMimAFBVV95cUxNclpQWWZUM3pCcTVodHNmV0NQLVYxM0RYVFNnNG05VENuTjdzN2FRYXVZYWhqNTg5M09sMklHVm53SDZPVWFsQ2dSbTdyTnE1NERhdlh3RlJDbUFmcnM3R3NubzdQVmg5a1lwVHR3Q25yM2tzcTg5bVhGdWxWYjctcmdfdk90M3d0WC1rRi1lc0RMNFlzRnhfS9IBngFBVV95cUxOZUNiMmVvaFNkekRJUzF5Q2tNVVAwS1A1dDY2a01Bc3laZE42QzdFaTBCdXl0M1ZvUW9QTXctLXZpQi1sR2JrMldBLWRxdnktS3BEQmw4cVFYb2RwZ0pKaGZseXcxUUQ2emdXSHZvLVRiemcxV0xsbWlNV21MeXQ0Ujd1SExhamE1SzMxVThXOFYyNVZRN2hNajZjYjlKdw?oc=5,28.6138954,77.2090057,5.0,5,9,0.125
Delhi Crime Branch Cracks Down on Cheating Racket Led by Female Kingpin - Devdiscourse,2026-04-10 08:13:50,Delhi Crime Branch Cracks Down on Cheating Racket Led by Female Kingpin - Devdiscourse,Fraud,delhi,https://news.google.com/rss/articles/CBMixAFBVV95cUxOOWlRemVKLVVnQm5XNTc3bWxqamNZSmZBWEZfS3RQOC1qWWxYNTkxdHhqNjFBT3pGMDZ4NFN5cnNLa012N29oNzJaTGVtTmh1cnRtaG9iTXh3SjZBY0ZtR0lYRVlWR3ZkNGFfdndHZ3RQX3V4TlVtdWNDOXBMNVRTSm13NXlyLU93N1U1Ql9VUFkyOV9wWlllOW5DYTJITjF4a2ExTkdIb29RUGRhbEFSSXp6cDBEaFQ4U1VPNW45Rm52bVVF0gHKAUFVX3lxTFBkRHp1emhHa1FNMmUxYTRUdnNYR1JCc0lYNXdNTHdiUzlldC1vMWJMOElORmZJbDJlazNEeDJ0X2NITERtTDR4YW9uQjlyVzAzTnVUNVQ2cHRyZ0tTYTFleGVxVjFHT0JEUDdkNk93X29jYlFhZUhDWkpOek1zajNaTnR1U2V2S0xMTU1SeFJwc0Znb09GWWV2cTlkNGJrVUVKN3Jvb2NsVlM5cnZPTlJBNllGT01DbndBRFdwcW55anZJR1BwcXFWd1E?oc=5,28.6138954,77.2090057,1.0,5,9,0.1471
"Delhi: Crime branch busts inter-state mobile theft racket, 83 phones recovered - India's News.Net",2026-03-29 13:30:00,"Delhi: Crime branch busts inter-state mobile theft racket, 83 phones recovered - India's News.Net",Theft,delhi,https://news.google.com/rss/articles/CBMiugFBVV95cUxNeG5KZURvNldxN1Rrb0FlU1pHbS1KQXVpcUxjend6UWxmUDU4VHZlNjZFd0FJb3lWRzBCeU9tZEV2NEhlaFAxLTJxbW9FaUVnZmxZaktsaFhHSDl4OF82SUUwMTU2aExneE9fdVBvMF92MEVlWmZQMW5GS3E5ek11UG9YLU1nY01BYUJ4eElLUHdKZXF4RFVXamRhUlRPYnZ6LVdWY0s4NlRQeUhLbHFNb0o3VFcwbnRXZXc?oc=5,28.6138954,77.2090057,2.0,4,9,0.1449
"Delhi Crime Report 2025: Murder, rape, robbery cases drop sharply; police claim improved law and order - India TV News",2026-01-21 08:00:00,"Delhi Crime Report 2025: Murder, rape, robbery cases drop sharply; police claim improved law and order - India TV News",Murder,delhi,https://news.google.com/rss/articles/CBMi_wFBVV95cUxNN2RTRTJVU250WVZUelZ3b3ZCZU9tTGZlS05SVWtvY0FMbXhYYmxSVTlkNlBhbFpuV1M0R0lOQVc2RlVOQ0JKLVkzQlkzRlpPMmpkcjVTZzZMRmhiRGVWS1VIdTJGckFjUjY4Rl80cHJEbERkRkppYmhKY2kwaWhtQ1dQWWN3QnBUeG5DLXJSRFhqajdnbnNiVmhmMXZHOXA0alVEbnhKVnk1OTJMUHdCZTdIN1FEV1FLSTJ4Q2NVUVVJR3FrNnpLa1pkVFY2ZlJtZXduVHBwdHROc2dTUFVRNXJSbHJ3dXpMTDJUcFlOVDBGdXc0cE1sM3BHNW1tUWPSAYQCQVVfeXFMTWFjeVliaGp1MGpYckI2b3BPTE1fZVQ0SXhGZFVnd3pWV0lJaXQxOWZJZUQzM2NSUnVIODdqMXlzRHNnSDBJWjR6Zm00b2V4dURFS3VZYlU0UXREMXo4YnBVeFRrVThya0U0SU5WQk9wQXdpeWstQS1USmVuXzFCYjRxNmtjQ1hjdGdNVnhDQXRnd044OGVsaXJhSWhOR3Z3SjBkNXJUQUVDZUFKODR5UTVCVjdfQUgwWlF1SkdmM1Z6R0JjLUhoRHlWYi1ES2FhT2ZjdFc0WFRmdUtKZlpTTFJ0UlREOE9iVUNJZkJGQ0RRMTh6cjVVU3R2UTUxbE1yY1JzNXE?oc=5,28.6138954,77.2090057,5.0,3,9,0.1316
"Rape, Pocso convict who jumped bail in 2022 held by Delhi crime branch - The Times of India",2026-01-27 08:00:00,"Rape, Pocso convict who jumped bail in 2022 held by Delhi crime branch - The Times of India",Assault,delhi,https://news.google.com/rss/articles/CBMi2gFBVV95cUxQOTJWN2NYd2YzaTZ2MXItODNWMlpld0hvRnk0SDFGWmowdm9vR3Y3RkJOZVZVV3dMQW9hOXk5VkdTYTA2eW8zTDJ6YnpqTnpfci1hdHJic0ZGOXRWUTRVcHZVS2RPUXZwN3RmRGZNWkVNYi00elZxZHdKZUU4eEpkOHdkSTdPdUJTSXh4QU1XSWVfbDRsYkpNZy1sMWZYNTFQdmZGSVFWYkl4WE94MXhfWlR2TzAwTGszZExfdHdrem54T1ZnVjduSThvWmNRNjdsMGhBOFJuM3Rld9IB3wFBVV95cUxQWW51bGh0SktIVlZ0cGZTNjNTMGs5NU1IRVgwMHJsTEFVTWxzUEUyZUxsemkxdnhwdFlCSlBMelhCMDhjYXhjQ1d6WWpMckxUSFdNM1ZKbzdlTFdjc0FGM043MnFHelJBXy1KckNnTUExZ1ZUSHVfOXBoSy02UmotQ0k5bnBBQXA5WmtTVnhBZ1dSblBQMEdqUkhuRjZBLW5FaUc2ZHZ0OVdGVDFkcGhuUC00bzkxZWZLSEZWUHRMZFM2RG4tTkYzUWk1RTJKaDVLZ1VSRWNGam1waVFQTDFr?oc=5,28.6138954,77.2090057,4.0,3,9,0.137
"Delhi Crime Data 2024: Burglary Cases Rise 30%, Attempt To Murder Incidents Rise - Outlook India",2026-01-15 08:00:00,"Delhi Crime Data 2024: Burglary Cases Rise 30%, Attempt To Murder Incidents Rise - Outlook India",Murder,delhi,https://news.google.com/rss/articles/CBMitgFBVV95cUxQM0tUZHFmcDEybVVjMkkyTmlSVVZwUlplYlFxVDFKS2t0YmQwSEF3RFZIYU5MTnhrRzlpWVlWczk5ekxDVVlqNlZvR2NhbE1fckdJUm9sajc1RUg5OS1UMmJFNUJ5QllQTTNQLXdsVW8xQ3FUWmp2M3ozWWFoTFF4Y3BFZXYtZENIZ29kLWk0U3E3Q2dzTURRUE5rQ1h5Uk9MdTNLZGdQMTNWbHc4YlF6NjZSQUt4QdIBwwFBVV95cUxNOHNjQWhNMG91MklTVF91V3QyNnNGeGVpMnZUVkwzb19BTHFlbkpUNVU1TTZmd3VudUx0VVBoXzdfRjVWcnVOSzNkSlhQTG5yNkxKTDYwY0FEOTM4TUJaUlVDWktHRnU4MVBKS1ItZkRwU1FSTk1jbVNzTkpJMGFPcGtmT0dGVm55NWFnaVo4dHVEMVZCendiOHptR1dZRHctX3ZHMmdJZnE3UzlPT3ZtQXJfQk1oanRpZXBQRzZyUEVYN00?oc=5,28.6138954,77.2090057,5.0,3,9,0.1316
Crime Branch Of Delhi Police Files Two FIRs Against Al-Falah University For Cheating And Forgery - News On AIR,2025-11-16 08:00:00,Crime Branch Of Delhi Police Files Two FIRs Against Al-Falah University For Cheating And Forgery - News On AIR,Fraud,delhi,https://news.google.com/rss/articles/CBMiuAFBVV95cUxNa3R2dTVscDJfcnF2UUJKWE1QWXdZaE5HT19sSldseWJRUUFfTUx1YmI5TWJjRzB4SG5zbFFLZjhYZDdRY0VrVmxpaTlnZVBNemlJYU91aEFYNmdadWZ3WFBDWlFlTTM5cy1ISVVfaC1Sd3hUY2tsRGtxeTB2SEh0M1RJeHNmZjJVOFc3V0loVTZlZld1NUNWY1c5ZVJvZFc0WGdfRHhHQXBmbXJrTnQ5TVl0YUtPaVF4?oc=5,28.6138954,77.2090057,1.0,2,9,0.1613
Cyber fraud reported in Burari,,A fraud incident was reported in burari. Police are investigating the case.,Fraud,burari,synthetic_data,28.7536438,77.2016511,1.0,1,11,0.1429
Online fraud case in Patel Nagar,,A fraud incident was reported in patel nagar. Police are investigating the case.,Fraud,patel nagar,synthetic_data,28.6450127,77.1692817,1.0,1,10,0.1538
Youth shot dead in Dwarka,,A murder incident was reported in dwarka. Police are investigating the case.,Murder,dwarka,synthetic_data,28.6158874,77.0224342,5.0,1,10,0.1299
Cyber fraud reported in Rajouri Garden,,A fraud incident was reported in rajouri garden. Police are investigating the case.,Fraud,rajouri garden,synthetic_data,28.6511896,77.1242597,1.0,1,7,0.2
Body found in Tilak Nagar area,,A murder incident was reported in tilak nagar. Police are investigating the case.,Murder,tilak nagar,synthetic_data,28.6365482,77.0964961,5.0,1,6,0.1754
Child kidnapped from Saket,,A kidnapping incident was reported in saket. Police are investigating the case.,Kidnapping,saket,synthetic_data,28.521168,77.2022237,4.0,1,7,0.1695
Online fraud case in Burari,,A fraud incident was reported in burari. Police are investigating the case.,Fraud,burari,synthetic_data,28.7536438,77.2016511,1.0,1,11,0.1429
Child kidnapped from Janakpuri,,A kidnapping incident was reported in janakpuri. Police are investigating the case.,Kidnapping,janakpuri,synthetic_data,28.6219272,77.0874757,4.0,1,10,0.1351
Cyber fraud reported in Ashok Vihar,,A fraud incident was reported in ashok vihar. Police are investigating the case.,Fraud,ashok vihar,synthetic_data,28.6885171,77.1739339,1.0,1,9,0.1667
Man beaten in Hauz Khas,,A assault incident was reported in hauz khas. Police are investigating the case.,Assault,hauz khas,synthetic_data,28.5498087,77.2077638,4.0,1,9,0.1449
Mobile snatching in Defence Colony,,A theft incident was reported in defence colony. Police are investigating the case.,Theft,defence colony,synthetic_data,28.5713575,77.2330402,2.0,1,7,0.1887
Body found in Janakpuri area,,A murder incident was reported in janakpuri. Police are investigating the case.,Murder,janakpuri,synthetic_data,28.6219272,77.0874757,5.0,1,10,0.1299
Online fraud case in Defence Colony,,A fraud incident was reported in defence colony. Police are investigating the case.,Fraud,defence colony,synthetic_data,28.5713575,77.2330402,1.0,1,7,0.2
Online fraud case in Saket,,A fraud incident was reported in saket. Police are investigating the case.,Fraud,saket,synthetic_data,28.521168,77.2022237,1.0,1,7,0.2
Man stabbed to death in Vasant Kunj,,A murder incident was reported in vasant kunj. Police are investigating the case.,Murder,vasant kunj,synthetic_data,28.5292495,77.1541335,5.0,1,7,0.1613
Child kidnapped from Connaught Place,,A kidnapping incident was reported in connaught place. Police are investigating the case.,Kidnapping,connaught place,synthetic_data,28.6314022,77.2193791,4.0,1,12,0.119
House robbery in Janakpuri,,A theft incident was reported in janakpuri. Police are investigating the case.,Theft,janakpuri,synthetic_data,28.6219272,77.0874757,2.0,1,10,0.1471
Scam worth lakhs in Ashok Vihar,,A fraud incident was reported in ashok vihar. Police are investigating the case.,Fraud,ashok vihar,synthetic_data,28.6885171,77.1739339,1.0,1,9,0.1667
Kidnap case reported in Janakpuri,,A kidnapping incident was reported in janakpuri. Police are investigating the case.,Kidnapping,janakpuri,synthetic_data,28.6219272,77.0874757,4.0,1,10,0.1351
Child kidnapped from Lajpat Nagar,,A kidnapping incident was reported in lajpat nagar. Police are investigating the case.,Kidnapping,lajpat nagar,synthetic_data,28.5660924,77.2432851,4.0,1,11,0.1266
Man beaten in Najafgarh,,A assault incident was reported in najafgarh. Police are investigating the case.,Assault,najafgarh,synthetic_data,28.6124504,76.9865067,4.0,1,11,0.1266
Youth shot dead in Lajpat Nagar,,A murder incident was reported in lajpat nagar. Police are investigating the case.,Murder,lajpat nagar,synthetic_data,28.5660924,77.2432851,5.0,1,11,0.122
Harassment case reported in Mayur Vihar,,A assault incident was reported in mayur vihar. Police are investigating the case.,Assault,mayur vihar,synthetic_data,28.6098555,77.2926318,4.0,1,11,0.1266
Minor abducted in Lajpat Nagar,,A kidnapping incident was reported in lajpat nagar. Police are investigating the case.,Kidnapping,lajpat nagar,synthetic_data,28.5660924,77.2432851,4.0,1,11,0.1266
Man beaten in Rajouri Garden,,A assault incident was reported in rajouri garden. Police are investigating the case.,Assault,rajouri garden,synthetic_data,28.6511896,77.1242597,4.0,1,7,0.1695
House robbery in Saket,,A theft incident was reported in saket. Police are investigating the case.,Theft,saket,synthetic_data,28.521168,77.2022237,2.0,1,7,0.1887
Man beaten in Burari,,A assault incident was reported in burari. Police are investigating the case.,Assault,burari,synthetic_data,28.7536438,77.2016511,4.0,1,11,0.1266
Man stabbed to death in Karol Bagh,,A murder incident was reported in karol bagh. Police are investigating the case.,Murder,karol bagh,synthetic_data,28.6529982,77.1890227,5.0,1,9,0.1389
Man stabbed to death in Shahdara,,A murder incident was reported in shahdara. Police are investigating the case.,Murder,shahdara,synthetic_data,28.6758661,77.2985078,5.0,1,7,0.1613
Harassment case reported in Shahdara,,A assault incident was reported in shahdara. Police are investigating the case.,Assault,shahdara,synthetic_data,28.6758661,77.2985078,4.0,1,7,0.1695
Harassment case reported in Okhla,,A assault incident was reported in okhla. Police are investigating the case.,Assault,okhla,synthetic_data,28.5636616,77.2890546,4.0,1,9,0.1449
Bike stolen from Dwarka,,A theft incident was reported in dwarka. Police are investigating the case.,Theft,dwarka,synthetic_data,28.6158874,77.0224342,2.0,1,10,0.1471
Harassment case reported in Burari,,A assault incident was reported in burari. Police are investigating the case.,Assault,burari,synthetic_data,28.7536438,77.2016511,4.0,1,11,0.1266
House robbery in Najafgarh,,A theft incident was reported in najafgarh. Police are investigating the case.,Theft,najafgarh,synthetic_data,28.6124504,76.9865067,2.0,1,11,0.137
Minor abducted in Najafgarh,,A kidnapping incident was reported in najafgarh. Police are investigating the case.,Kidnapping,najafgarh,synthetic_data,28.6124504,76.9865067,4.0,1,11,0.1266
Bike stolen from Kalkaji,,A theft incident was reported in kalkaji. Police are investigating the case.,Theft,kalkaji,synthetic_data,28.5469476,77.258801,2.0,1,12,0.1282
Harassment case reported in Rohini,,A assault incident was reported in rohini. Police are investigating the case.,Assault,rohini,synthetic_data,28.7162092,77.1170743,4.0,1,10,0.1351
Scam worth lakhs in Karol Bagh,,A fraud incident was reported in karol bagh. Police are investigating the case.,Fraud,karol bagh,synthetic_data,28.6529982,77.1890227,1.0,1,9,0.1667
Man beaten in Connaught Place,,A assault incident was reported in connaught place. Police are investigating the case.,Assault,connaught place,synthetic_data,28.6314022,77.2193791,4.0,1,12,0.119
Harassment case reported in Tilak Nagar,,A assault incident was reported in tilak nagar. Police are investigating the case.,Assault,tilak nagar,synthetic_data,28.6365482,77.0964961,4.0,1,6,0.1852
Mobile snatching in Janakpuri,,A theft incident was reported in janakpuri. Police are investigating the case.,Theft,janakpuri,synthetic_data,28.6219272,77.0874757,2.0,1,10,0.1471
Youth shot dead in Ashok Vihar,,A murder incident was reported in ashok vihar. Police are investigating the case.,Murder,ashok vihar,synthetic_data,28.6885171,77.1739339,5.0,1,9,0.1389
Scam worth lakhs in Kalkaji,,A fraud incident was reported in kalkaji. Police are investigating the case.,Fraud,kalkaji,synthetic_data,28.5469476,77.258801,1.0,1,12,0.1333
Kidnap case reported in Connaught Place,,A kidnapping incident was reported in connaught place. Police are investigating the case.,Kidnapping,connaught place,synthetic_data,28.6314022,77.2193791,4.0,1,12,0.119
Harassment case reported in Dwarka,,A assault incident was reported in dwarka. Police are investigating the case.,Assault,dwarka,synthetic_data,28.6158874,77.0224342,4.0,1,10,0.1351
Kidnap case reported in Rohini,,A kidnapping incident was reported in rohini. Police are investigating the case.,Kidnapping,rohini,synthetic_data,28.7162092,77.1170743,4.0,1,10,0.1351
Online fraud case in Tilak Nagar,,A fraud incident was reported in tilak nagar. Police are investigating the case.,Fraud,tilak nagar,synthetic_data,28.6365482,77.0964961,1.0,1,6,0.2222
House robbery in Lajpat Nagar,,A theft incident was reported in lajpat nagar. Police are investigating the case.,Theft,lajpat nagar,synthetic_data,28.5660924,77.2432851,2.0,1,11,0.137
Woman assaulted in Rohini,,A assault incident was reported in rohini. Police are investigating the case.,Assault,rohini,synthetic_data,28.7162092,77.1170743,4.0,1,10,0.1351
Bike stolen from Burari,,A theft incident was reported in burari. Police are investigating the case.,Theft,burari,synthetic_data,28.7536438,77.2016511,2.0,1,11,0.137
Body found in Patel Nagar area,,A murder incident was reported in patel nagar. Police are investigating the case.,Murder,patel nagar,synthetic_data,28.6450127,77.1692817,5.0,1,10,0.1299
Scam worth lakhs in Saket,,A fraud incident was reported in saket. Police are investigating the case.,Fraud,saket,synthetic_data,28.521168,77.2022237,1.0,1,7,0.2
Bike stolen from Okhla,,A theft incident was reported in okhla. Police are investigating the case.,Theft,okhla,synthetic_data,28.5636616,77.2890546,2.0,1,9,0.1587
Body found in Rajouri Garden area,,A murder incident was reported in rajouri garden. Police are investigating the case.,Murder,rajouri garden,synthetic_data,28.6511896,77.1242597,5.0,1,7,0.1613
Man stabbed to death in Patel Nagar,,A murder incident was reported in patel nagar. Police are investigating the case.,Murder,patel nagar,synthetic_data,28.6450127,77.1692817,5.0,1,10,0.1299
Man beaten in Pitampura,,A assault incident was reported in pitampura. Police are investigating the case.,Assault,pitampura,synthetic_data,28.7032676,77.1322497,4.0,1,5,0.2041
Minor abducted in Kalkaji,,A kidnapping incident was reported in kalkaji. Police are investigating the case.,Kidnapping,kalkaji,synthetic_data,28.5469476,77.258801,4.0,1,12,0.119
Child kidnapped from Rohini,,A kidnapping incident was reported in rohini. Police are investigating the case.,Kidnapping,rohini,synthetic_data,28.7162092,77.1170743,4.0,1,10,0.1351
Minor abducted in Saket,,A kidnapping incident was reported in saket. Police are investigating the case.,Kidnapping,saket,synthetic_data,28.521168,77.2022237,4.0,1,7,0.1695
Woman assaulted in Patel Nagar,,A assault incident was reported in patel nagar. Police are investigating the case.,Assault,patel nagar,synthetic_data,28.6450127,77.1692817,4.0,1,10,0.1351
Cyber fraud reported in Kalkaji,,A fraud incident was reported in kalkaji. Police are investigating the case.,Fraud,kalkaji,synthetic_data,28.5469476,77.258801,1.0,1,12,0.1333
Body found in Connaught Place area,,A murder incident was reported in connaught place. Police are investigating the case.,Murder,connaught place,synthetic_data,28.6314022,77.2193791,5.0,1,12,0.1149
Mobile snatching in Najafgarh,,A theft incident was reported in najafgarh. Police are investigating the case.,Theft,najafgarh,synthetic_data,28.6124504,76.9865067,2.0,1,11,0.137
Man beaten in Lajpat Nagar,,A assault incident was reported in lajpat nagar. Police are investigating the case.,Assault,lajpat nagar,synthetic_data,28.5660924,77.2432851,4.0,1,11,0.1266
Harassment case reported in Patel Nagar,,A assault incident was reported in patel nagar. Police are investigating the case.,Assault,patel nagar,synthetic_data,28.6450127,77.1692817,4.0,1,10,0.1351
Kidnap case reported in Shahdara,,A kidnapping incident was reported in shahdara. Police are investigating the case.,Kidnapping,shahdara,synthetic_data,28.6758661,77.2985078,4.0,1,7,0.1695
Cyber fraud reported in Connaught Place,,A fraud incident was reported in connaught place. Police are investigating the case.,Fraud,connaught place,synthetic_data,28.6314022,77.2193791,1.0,1,12,0.1333
Body found in Mayur Vihar area,,A murder incident was reported in mayur vihar. Police are investigating the case.,Murder,mayur vihar,synthetic_data,28.6098555,77.2926318,5.0,1,11,0.122
Scam worth lakhs in Shahdara,,A fraud incident was reported in shahdara. Police are investigating the case.,Fraud,shahdara,synthetic_data,28.6758661,77.2985078,1.0,1,7,0.2
Scam worth lakhs in Najafgarh,,A fraud incident was reported in najafgarh. Police are investigating the case.,Fraud,najafgarh,synthetic_data,28.6124504,76.9865067,1.0,1,11,0.1429
Body found in Lajpat Nagar area,,A murder incident was reported in lajpat nagar. Police are investigating the case.,Murder,lajpat nagar,synthetic_data,28.5660924,77.2432851,5.0,1,11,0.122
Scam worth lakhs in Mayur Vihar,,A fraud incident was reported in mayur vihar. Police are investigating the case.,Fraud,mayur vihar,synthetic_data,28.6098555,77.2926318,1.0,1,11,0.1429
Mobile snatching in Connaught Place,,A theft incident was reported in connaught place. Police are investigating the case.,Theft,connaught place,synthetic_data,28.6314022,77.2193791,2.0,1,12,0.1282
Online fraud case in Vasant Kunj,,A fraud incident was reported in vasant kunj. Police are investigating the case.,Fraud,vasant kunj,synthetic_data,28.5292495,77.1541335,1.0,1,7,0.2
House robbery in Connaught Place,,A theft incident was reported in connaught place. Police are investigating the case.,Theft,connaught place,synthetic_data,28.6314022,77.2193791,2.0,1,12,0.1282
Mobile snatching in Patel Nagar,,A theft incident was reported in patel nagar. Police are investigating the case.,Theft,patel nagar,synthetic_data,28.6450127,77.1692817,2.0,1,10,0.1471
Child kidnapped from Tilak Nagar,,A kidnapping incident was reported in tilak nagar. Police are investigating the case.,Kidnapping,tilak nagar,synthetic_data,28.6365482,77.0964961,4.0,1,6,0.1852
Child kidnapped from Patel Nagar,,A kidnapping incident was reported in patel nagar. Police are investigating the case.,Kidnapping,patel nagar,synthetic_data,28.6450127,77.1692817,4.0,1,10,0.1351
Bike stolen from Shahdara,,A theft incident was reported in shahdara. Police are investigating the case.,Theft,shahdara,synthetic_data,28.6758661,77.2985078,2.0,1,7,0.1887
Kidnap case reported in Patel Nagar,,A kidnapping incident was reported in patel nagar. Police are investigating the case.,Kidnapping,patel nagar,synthetic_data,28.6450127,77.1692817,4.0,1,10,0.1351
Man beaten in Vasant Kunj,,A assault incident was reported in vasant kunj. Police are investigating the case.,Assault,vasant kunj,synthetic_data,28.5292495,77.1541335,4.0,1,7,0.1695
Bike stolen from Mayur Vihar,,A theft incident was reported in mayur vihar. Police are investigating the case.,Theft,mayur vihar,synthetic_data,28.6098555,77.2926318,2.0,1,11,0.137
Scam worth lakhs in Hauz Khas,,A fraud incident was reported in hauz khas. Police are investigating the case.,Fraud,hauz khas,synthetic_data,28.5498087,77.2077638,1.0,1,9,0.1667
House robbery in Vasant Kunj,,A theft incident was reported in vasant kunj. Police are investigating the case.,Theft,vasant kunj,synthetic_data,28.5292495,77.1541335,2.0,1,7,0.1887
Minor abducted in Burari,,A kidnapping incident was reported in burari. Police are investigating the case.,Kidnapping,burari,synthetic_data,28.7536438,77.2016511,4.0,1,11,0.1266
Scam worth lakhs in Rohini,,A fraud incident was reported in rohini. Police are investigating the case.,Fraud,rohini,synthetic_data,28.7162092,77.1170743,1.0,1,10,0.1538
Kidnap case reported in Dwarka,,A kidnapping incident was reported in dwarka. Police are investigating the case.,Kidnapping,dwarka,synthetic_data,28.6158874,77.0224342,4.0,1,10,0.1351
Youth shot dead in Connaught Place,,A murder incident was reported in connaught place. Police are investigating the case.,Murder,connaught place,synthetic_data,28.6314022,77.2193791,5.0,1,12,0.1149
Man stabbed to death in Lajpat Nagar,,A murder incident was reported in lajpat nagar. Police are investigating the case.,Murder,lajpat nagar,synthetic_data,28.5660924,77.2432851,5.0,1,11,0.122
Minor abducted in Tilak Nagar,,A kidnapping incident was reported in tilak nagar. Police are investigating the case.,Kidnapping,tilak nagar,synthetic_data,28.6365482,77.0964961,4.0,1,6,0.1852
Man stabbed to death in Dwarka,,A murder incident was reported in dwarka. Police are investigating the case.,Murder,dwarka,synthetic_data,28.6158874,77.0224342,5.0,1,10,0.1299
Woman assaulted in Defence Colony,,A assault incident was reported in defence colony. Police are investigating the case.,Assault,defence colony,synthetic_data,28.5713575,77.2330402,4.0,1,7,0.1695
Man stabbed to death in Mayur Vihar,,A murder incident was reported in mayur vihar. Police are investigating the case.,Murder,mayur vihar,synthetic_data,28.6098555,77.2926318,5.0,1,11,0.122
House robbery in Defence Colony,,A theft incident was reported in defence colony. Police are investigating the case.,Theft,defence colony,synthetic_data,28.5713575,77.2330402,2.0,1,7,0.1887
House robbery in Dwarka,,A theft incident was reported in dwarka. Police are investigating the case.,Theft,dwarka,synthetic_data,28.6158874,77.0224342,2.0,1,10,0.1471
Bike stolen from Rajouri Garden,,A theft incident was reported in rajouri garden. Police are investigating the case.,Theft,rajouri garden,synthetic_data,28.6511896,77.1242597,2.0,1,7,0.1887
Online fraud case in Janakpuri,,A fraud incident was reported in janakpuri. Police are investigating the case.,Fraud,janakpuri,synthetic_data,28.6219272,77.0874757,1.0,1,10,0.1538
Man stabbed to death in Connaught Place,,A murder incident was reported in connaught place. Police are investigating the case.,Murder,connaught place,synthetic_data,28.6314022,77.2193791,5.0,1,12,0.1149
Online fraud case in Kalkaji,,A fraud incident was reported in kalkaji. Police are investigating the case.,Fraud,kalkaji,synthetic_data,28.5469476,77.258801,1.0,1,12,0.1333
Online fraud case in Okhla,,A fraud incident was reported in okhla. Police are investigating the case.,Fraud,okhla,synthetic_data,28.5636616,77.2890546,1.0,1,9,0.1667
Scam worth lakhs in Dwarka,,A fraud incident was reported in dwarka. Police are investigating the case.,Fraud,dwarka,synthetic_data,28.6158874,77.0224342,1.0,1,10,0.1538
Mobile snatching in Karol Bagh,,A theft incident was reported in karol bagh. Police are investigating the case.,Theft,karol bagh,synthetic_data,28.6529982,77.1890227,2.0,1,9,0.1587
Online fraud case in Karol Bagh,,A fraud incident was reported in karol bagh. Police are investigating the case.,Fraud,karol bagh,synthetic_data,28.6529982,77.1890227,1.0,1,9,0.1667
Cyber fraud reported in Dwarka,,A fraud incident was reported in dwarka. Police are investigating the case.,Fraud,dwarka,synthetic_data,28.6158874,77.0224342,1.0,1,10,0.1538
Woman assaulted in Mayur Vihar,,A assault incident was reported in mayur vihar. Police are investigating the case.,Assault,mayur vihar,synthetic_data,28.6098555,77.2926318,4.0,1,11,0.1266
Cyber fraud reported in Defence Colony,,A fraud incident was reported in defence colony. Police are investigating the case.,Fraud,defence colony,synthetic_data,28.5713575,77.2330402,1.0,1,7,0.2
Woman assaulted in Connaught Place,,A assault incident was reported in connaught place. Police are investigating the case.,Assault,connaught place,synthetic_data,28.6314022,77.2193791,4.0,1,12,0.119
Bike stolen from Ashok Vihar,,A theft incident was reported in ashok vihar. Police are investigating the case.,Theft,ashok vihar,synthetic_data,28.6885171,77.1739339,2.0,1,9,0.1587
House robbery in Karol Bagh,,A theft incident was reported in karol bagh. Police are investigating the case.,Theft,karol bagh,synthetic_data,28.6529982,77.1890227,2.0,1,9,0.1587
House robbery in Ashok Vihar,,A theft incident was reported in ashok vihar. Police are investigating the case.,Theft,ashok vihar,synthetic_data,28.6885171,77.1739339,2.0,1,9,0.1587
Child kidnapped from Mayur Vihar,,A kidnapping incident was reported in mayur vihar. Police are investigating the case.,Kidnapping,mayur vihar,synthetic_data,28.6098555,77.2926318,4.0,1,11,0.1266
Body found in Karol Bagh area,,A murder incident was reported in karol bagh. Police are investigating the case.,Murder,karol bagh,synthetic_data,28.6529982,77.1890227,5.0,1,9,0.1389
Child kidnapped from Kalkaji,,A kidnapping incident was reported in kalkaji. Police are investigating the case.,Kidnapping,kalkaji,synthetic_data,28.5469476,77.258801,4.0,1,12,0.119
Man beaten in Ashok Vihar,,A assault incident was reported in ashok vihar. Police are investigating the case.,Assault,ashok vihar,synthetic_data,28.6885171,77.1739339,4.0,1,9,0.1449
Woman assaulted in Kalkaji,,A assault incident was reported in kalkaji. Police are investigating the case.,Assault,kalkaji,synthetic_data,28.5469476,77.258801,4.0,1,12,0.119
Mobile snatching in Okhla,,A theft incident was reported in okhla. Police are investigating the case.,Theft,okhla,synthetic_data,28.5636616,77.2890546,2.0,1,9,0.1587
Body found in Ashok Vihar area,,A murder incident was reported in ashok vihar. Police are investigating the case.,Murder,ashok vihar,synthetic_data,28.6885171,77.1739339,5.0,1,9,0.1389
House robbery in Patel Nagar,,A theft incident was reported in patel nagar. Police are investigating the case.,Theft,patel nagar,synthetic_data,28.6450127,77.1692817,2.0,1,10,0.1471
Kidnap case reported in Lajpat Nagar,,A kidnapping incident was reported in lajpat nagar. Police are investigating the case.,Kidnapping,lajpat nagar,synthetic_data,28.5660924,77.2432851,4.0,1,11,0.1266
Harassment case reported in Defence Colony,,A assault incident was reported in defence colony. Police are investigating the case.,Assault,defence colony,synthetic_data,28.5713575,77.2330402,4.0,1,7,0.1695
Woman assaulted in Hauz Khas,,A assault incident was reported in hauz khas. Police are investigating the case.,Assault,hauz khas,synthetic_data,28.5498087,77.2077638,4.0,1,9,0.1449
Online fraud case in Lajpat Nagar,,A fraud incident was reported in lajpat nagar. Police are investigating the case.,Fraud,lajpat nagar,synthetic_data,28.5660924,77.2432851,1.0,1,11,0.1429
Body found in Najafgarh area,,A murder incident was reported in najafgarh. Police are investigating the case.,Murder,najafgarh,synthetic_data,28.6124504,76.9865067,5.0,1,11,0.122
Online fraud case in Pitampura,,A fraud incident was reported in pitampura. Police are investigating the case.,Fraud,pitampura,synthetic_data,28.7032676,77.1322497,1.0,1,5,0.25
Minor abducted in Shahdara,,A kidnapping incident was reported in shahdara. Police are investigating the case.,Kidnapping,shahdara,synthetic_data,28.6758661,77.2985078,4.0,1,7,0.1695
Youth shot dead in Pitampura,,A murder incident was reported in pitampura. Police are investigating the case.,Murder,pitampura,synthetic_data,28.7032676,77.1322497,5.0,1,5,0.1923
Mobile snatching in Hauz Khas,,A theft incident was reported in hauz khas. Police are investigating the case.,Theft,hauz khas,synthetic_data,28.5498087,77.2077638,2.0,1,9,0.1587
Man beaten in Rohini,,A assault incident was reported in rohini. Police are investigating the case.,Assault,rohini,synthetic_data,28.7162092,77.1170743,4.0,1,10,0.1351
Cyber fraud reported in Najafgarh,,A fraud incident was reported in najafgarh. Police are investigating the case.,Fraud,najafgarh,synthetic_data,28.6124504,76.9865067,1.0,1,11,0.1429
Harassment case reported in Vasant Kunj,,A assault incident was reported in vasant kunj. Police are investigating the case.,Assault,vasant kunj,synthetic_data,28.5292495,77.1541335,4.0,1,7,0.1695
Woman assaulted in Okhla,,A assault incident was reported in okhla. Police are investigating the case.,Assault,okhla,synthetic_data,28.5636616,77.2890546,4.0,1,9,0.1449
Mobile snatching in Vasant Kunj,,A theft incident was reported in vasant kunj. Police are investigating the case.,Theft,vasant kunj,synthetic_data,28.5292495,77.1541335,2.0,1,7,0.1887
Cyber fraud reported in Mayur Vihar,,A fraud incident was reported in mayur vihar. Police are investigating the case.,Fraud,mayur vihar,synthetic_data,28.6098555,77.2926318,1.0,1,11,0.1429
Kidnap case reported in Burari,,A kidnapping incident was reported in burari. Police are investigating the case.,Kidnapping,burari,synthetic_data,28.7536438,77.2016511,4.0,1,11,0.1266
Minor abducted in Dwarka,,A kidnapping incident was reported in dwarka. Police are investigating the case.,Kidnapping,dwarka,synthetic_data,28.6158874,77.0224342,4.0,1,10,0.1351
Cyber fraud reported in Lajpat Nagar,,A fraud incident was reported in lajpat nagar. Police are investigating the case.,Fraud,lajpat nagar,synthetic_data,28.5660924,77.2432851,1.0,1,11,0.1429
Body found in Vasant Kunj area,,A murder incident was reported in vasant kunj. Police are investigating the case.,Murder,vasant kunj,synthetic_data,28.5292495,77.1541335,5.0,1,7,0.1613
Man stabbed to death in Kalkaji,,A murder incident was reported in kalkaji. Police are investigating the case.,Murder,kalkaji,synthetic_data,28.5469476,77.258801,5.0,1,12,0.1149
House robbery in Rajouri Garden,,A theft incident was reported in rajouri garden. Police are investigating the case.,Theft,rajouri garden,synthetic_data,28.6511896,77.1242597,2.0,1,7,0.1887
Child kidnapped from Hauz Khas,,A kidnapping incident was reported in hauz khas. Police are investigating the case.,Kidnapping,hauz khas,synthetic_data,28.5498087,77.2077638,4.0,1,9,0.1449
Woman assaulted in Najafgarh,,A assault incident was reported in najafgarh. Police are investigating the case.,Assault,najafgarh,synthetic_data,28.6124504,76.9865067,4.0,1,11,0.1266
Bike stolen from Connaught Place,,A theft incident was reported in connaught place. Police are investigating the case.,Theft,connaught place,synthetic_data,28.6314022,77.2193791,2.0,1,12,0.1282
Mobile snatching in Pitampura,,A theft incident was reported in pitampura. Police are investigating the case.,Theft,pitampura,synthetic_data,28.7032676,77.1322497,2.0,1,5,0.2326
Harassment case reported in Hauz Khas,,A assault incident was reported in hauz khas. Police are investigating the case.,Assault,hauz khas,synthetic_data,28.5498087,77.2077638,4.0,1,9,0.1449
Youth shot dead in Kalkaji,,A murder incident was reported in kalkaji. Police are investigating the case.,Murder,kalkaji,synthetic_data,28.5469476,77.258801,5.0,1,12,0.1149
Scam worth lakhs in Connaught Place,,A fraud incident was reported in connaught place. Police are investigating the case.,Fraud,connaught place,synthetic_data,28.6314022,77.2193791,1.0,1,12,0.1333
Cyber fraud reported in Saket,,A fraud incident was reported in saket. Police are investigating the case.,Fraud,saket,synthetic_data,28.521168,77.2022237,1.0,1,7,0.2
Youth shot dead in Okhla,,A murder incident was reported in okhla. Police are investigating the case.,Murder,okhla,synthetic_data,28.5636616,77.2890546,5.0,1,9,0.1389
Online fraud case in Rohini,,A fraud incident was reported in rohini. Police are investigating the case.,Fraud,rohini,synthetic_data,28.7162092,77.1170743,1.0,1,10,0.1538
Cyber fraud reported in Janakpuri,,A fraud incident was reported in janakpuri. Police are investigating the case.,Fraud,janakpuri,synthetic_data,28.6219272,77.0874757,1.0,1,10,0.1538
Harassment case reported in Karol Bagh,,A assault incident was reported in karol bagh. Police are investigating the case.,Assault,karol bagh,synthetic_data,28.6529982,77.1890227,4.0,1,9,0.1449
Cyber fraud reported in Rohini,,A fraud incident was reported in rohini. Police are investigating the case.,Fraud,rohini,synthetic_data,28.7162092,77.1170743,1.0,1,10,0.1538
Man stabbed to death in Najafgarh,,A murder incident was reported in najafgarh. Police are investigating the case.,Murder,najafgarh,synthetic_data,28.6124504,76.9865067,5.0,1,11,0.122
Man stabbed to death in Rohini,,A murder incident was reported in rohini. Police are investigating the case.,Murder,rohini,synthetic_data,28.7162092,77.1170743,5.0,1,10,0.1299
House robbery in Okhla,,A theft incident was reported in okhla. Police are investigating the case.,Theft,okhla,synthetic_data,28.5636616,77.2890546,2.0,1,9,0.1587
Bike stolen from Najafgarh,,A theft incident was reported in najafgarh. Police are investigating the case.,Theft,najafgarh,synthetic_data,28.6124504,76.9865067,2.0,1,11,0.137
Man beaten in Tilak Nagar,,A assault incident was reported in tilak nagar. Police are investigating the case.,Assault,tilak nagar,synthetic_data,28.6365482,77.0964961,4.0,1,6,0.1852
Scam worth lakhs in Defence Colony,,A fraud incident was reported in defence colony. Police are investigating the case.,Fraud,defence colony,synthetic_data,28.5713575,77.2330402,1.0,1,7,0.2
Woman assaulted in Dwarka,,A assault incident was reported in dwarka. Police are investigating the case.,Assault,dwarka,synthetic_data,28.6158874,77.0224342,4.0,1,10,0.1351
Man beaten in Karol Bagh,,A assault incident was reported in karol bagh. Police are investigating the case.,Assault,karol bagh,synthetic_data,28.6529982,77.1890227,4.0,1,9,0.1449
Woman assaulted in Rajouri Garden,,A assault incident was reported in rajouri garden. Police are investigating the case.,Assault,rajouri garden,synthetic_data,28.6511896,77.1242597,4.0,1,7,0.1695
Mobile snatching in Kalkaji,,A theft incident was reported in kalkaji. Police are investigating the case.,Theft,kalkaji,synthetic_data,28.5469476,77.258801,2.0,1,12,0.1282
Minor abducted in Patel Nagar,,A kidnapping incident was reported in patel nagar. Police are investigating the case.,Kidnapping,patel nagar,synthetic_data,28.6450127,77.1692817,4.0,1,10,0.1351
Minor abducted in Hauz Khas,,A kidnapping incident was reported in hauz khas. Police are investigating the case.,Kidnapping,hauz khas,synthetic_data,28.5498087,77.2077638,4.0,1,9,0.1449
Minor abducted in Pitampura,,A kidnapping incident was reported in pitampura. Police are investigating the case.,Kidnapping,pitampura,synthetic_data,28.7032676,77.1322497,4.0,1,5,0.2041
Kidnap case reported in Kalkaji,,A kidnapping incident was reported in kalkaji. Police are investigating the case.,Kidnapping,kalkaji,synthetic_data,28.5469476,77.258801,4.0,1,12,0.119
Child kidnapped from Karol Bagh,,A kidnapping incident was reported in karol bagh. Police are investigating the case.,Kidnapping,karol bagh,synthetic_data,28.6529982,77.1890227,4.0,1,9,0.1449
Online fraud case in Najafgarh,,A fraud incident was reported in najafgarh. Police are investigating the case.,Fraud,najafgarh,synthetic_data,28.6124504,76.9865067,1.0,1,11,0.1429
Scam worth lakhs in Burari,,A fraud incident was reported in burari. Police are investigating the case.,Fraud,burari,synthetic_data,28.7536438,77.2016511,1.0,1,11,0.1429
Mobile snatching in Burari,,A theft incident was reported in burari. Police are investigating the case.,Theft,burari,synthetic_data,28.7536438,77.2016511,2.0,1,11,0.137
Bike stolen from Saket,,A theft incident was reported in saket. Police are investigating the case.,Theft,saket,synthetic_data,28.521168,77.2022237,2.0,1,7,0.1887
Scam worth lakhs in Janakpuri,,A fraud incident was reported in janakpuri. Police are investigating the case.,Fraud,janakpuri,synthetic_data,28.6219272,77.0874757,1.0,1,10,0.1538
Scam worth lakhs in Okhla,,A fraud incident was reported in okhla. Police are investigating the case.,Fraud,okhla,synthetic_data,28.5636616,77.2890546,1.0,1,9,0.1667
House robbery in Burari,,A theft incident was reported in burari. Police are investigating the case.,Theft,burari,synthetic_data,28.7536438,77.2016511,2.0,1,11,0.137
Kidnap case reported in Hauz Khas,,A kidnapping incident was reported in hauz khas. Police are investigating the case.,Kidnapping,hauz khas,synthetic_data,28.5498087,77.2077638,4.0,1,9,0.1449
Online fraud case in Mayur Vihar,,A fraud incident was reported in mayur vihar. Police are investigating the case.,Fraud,mayur vihar,synthetic_data,28.6098555,77.2926318,1.0,1,11,0.1429
Man stabbed to death in Janakpuri,,A murder incident was reported in janakpuri. Police are investigating the case.,Murder,janakpuri,synthetic_data,28.6219272,77.0874757,5.0,1,10,0.1299
Man stabbed to death in Burari,,A murder incident was reported in burari. Police are investigating the case.,Murder,burari,synthetic_data,28.7536438,77.2016511,5.0,1,11,0.122
Mobile snatching in Mayur Vihar,,A theft incident was reported in mayur vihar. Police are investigating the case.,Theft,mayur vihar,synthetic_data,28.6098555,77.2926318,2.0,1,11,0.137
Youth shot dead in Mayur Vihar,,A murder incident was reported in mayur vihar. Police are investigating the case.,Murder,mayur vihar,synthetic_data,28.6098555,77.2926318,5.0,1,11,0.122
Kidnap case reported in Rajouri Garden,,A kidnapping incident was reported in rajouri garden. Police are investigating the case.,Kidnapping,rajouri garden,synthetic_data,28.6511896,77.1242597,4.0,1,7,0.1695
Body found in Okhla area,,A murder incident was reported in okhla. Police are investigating the case.,Murder,okhla,synthetic_data,28.5636616,77.2890546,5.0,1,9,0.1389
Minor abducted in Janakpuri,,A kidnapping incident was reported in janakpuri. Police are investigating the case.,Kidnapping,janakpuri,synthetic_data,28.6219272,77.0874757,4.0,1,10,0.1351
Youth shot dead in Rohini,,A murder incident was reported in rohini. Police are investigating the case.,Murder,rohini,synthetic_data,28.7162092,77.1170743,5.0,1,10,0.1299
Bike stolen from Lajpat Nagar,,A theft incident was reported in lajpat nagar. Police are investigating the case.,Theft,lajpat nagar,synthetic_data,28.5660924,77.2432851,2.0,1,11,0.137
Body found in Shahdara area,,A murder incident was reported in shahdara. Police are investigating the case.,Murder,shahdara,synthetic_data,28.6758661,77.2985078,5.0,1,7,0.1613
Bike stolen from Hauz Khas,,A theft incident was reported in hauz khas. Police are investigating the case.,Theft,hauz khas,synthetic_data,28.5498087,77.2077638,2.0,1,9,0.1587
Harassment case reported in Kalkaji,,A assault incident was reported in kalkaji. Police are investigating the case.,Assault,kalkaji,synthetic_data,28.5469476,77.258801,4.0,1,12,0.119
Kidnap case reported in Ashok Vihar,,A kidnapping incident was reported in ashok vihar. Police are investigating the case.,Kidnapping,ashok vihar,synthetic_data,28.6885171,77.1739339,4.0,1,9,0.1449
Woman assaulted in Ashok Vihar,,A assault incident was reported in ashok vihar. Police are investigating the case.,Assault,ashok vihar,synthetic_data,28.6885171,77.1739339,4.0,1,9,0.1449
