title,date,description,source_url
Fortress of Heroin Falls: Drug syndicate head Kusum arrested after year-long hunt,,"Devanshi Mehta is a crime correspondent uncovering Delhiâs unseen crisisâaddiction, systemic violence, and the quiet suffering of women, children, and marginalised communities. Her reporting brings nuance to the headlines, focusing on those forgotten by the system. Through deeply reported stories, she explores the human cost of crime, neglect, and broken justice.Read More",https://timesofindia.indiatimes.com/city/delhi/fortress-of-heroin-falls-drug-syndicate-head-kusum-arrested-after-year-long-hunt/articleshow/130178003.cms
11-year-old killed as DTC bus runs her over in Patel Nagar; driver arrested,,"Devanshi Mehta is a crime correspondent uncovering Delhiâs unseen crisisâaddiction, systemic violence, and the quiet suffering of women, children, and marginalised communities. Her reporting brings nuance to the headlines, focusing on those forgotten by the system. Through deeply reported stories, she explores the human cost of crime, neglect, and broken justice.Read More",https://timesofindia.indiatimes.com/city/delhi/11-year-old-killed-as-dtc-bus-runs-her-over-in-patel-nagar-driver-arrested/articleshow/130203982.cms
"Delhi businessman robbed of Rs 1 lakh at gunpoint; family chases, rams robbersâ bike; accused dump stolen cash, weapon, flee",,"Abhay is a Special Correspondent at The Times of India, Delhi, with extensive experience in investigative journalism. Since 2014, he has been covering crime and prisons, providing in-depth analysis and thought-provoking reports.Read More",https://timesofindia.indiatimes.com/city/delhi/delhi-businessman-robbed-of-rs-1-lakh-at-gunpoint-family-chases-rams-robbers-bike-accused-dump-stolen-cash-weapon-flee/articleshow/130160398.cms
Bank employee arrested for facilitating cyber fraud worth several crores: Delhi Crime Branch - tennews.in,"Sun, 12 Apr 2026 07:09:52 GMT",Bank employee arrested for facilitating cyber fraud worth several crores: Delhi Crime Branch - tennews.in,https://news.google.com/rss/articles/CBMisAFBVV95cUxOS1ctSWhaVWdrY3VSYlNfOE5IV1BfQW1oNW05cFFCdEJJSGkxRjl2MU5EdERwVzgyUTYwWEx3elRNdXQ5cm5vSERvMHhSYTBfXzl5QnV5eU5fdng1Mm1LMFBidTYyaUFMOGxpWWJqOGxZSzBYTWVZekhMbER0RGgtTEViZjhXQmRHWDFlb2RkT2JZYTdBV29iMFVLQlAwWFhkTFRKdVFkdWNXaEtjN0VCbQ?oc=5
Delhi Crime Branch arrests one storage and sale of expired food and cosmetic products - BW Police World,"Fri, 10 Apr 2026 12:24:44 GMT",Delhi Crime Branch arrests one storage and sale of expired food and cosmetic products - BW Police World,https://news.google.com/rss/articles/CBMiygFBVV95cUxOZ3ZNRm02ZG9ocTg0dGpKUFU3WnFYc3p0Q2lkdG9jemVrM1ZfcU85LXdOdWEtNFVOdU94THFZSXhsMlI3UXhKM2N5M25mZ0M0RlRTQ3JPakVEWmh1RHFZWGlmaFU1ZnBGeXpJVjAzMi1TcTFicDY1dHp5UndRTjRieU8xcEMzN0RwZ1JsS21qNlAzRGU1MTg0N05jVU9LQVdwN212dHJZM2FJMzlPQ2lPaU55R09TeGM1RmI4dC1WRE5welZMTG9pdmtB?oc=5
Expired Food With Fake Labels Seized In Major Delhi Crime Branch Raid - NDTV,"Sat, 04 Apr 2026 07:00:00 GMT",Expired Food With Fake Labels Seized In Major Delhi Crime Branch Raid - NDTV,https://news.google.com/rss/articles/CBMipwFBVV95cUxPVzJvd2ZidjdIUWFrcmJfVnV2UWwxNjJUNU5jclBRU0RoYmMxNURPWjBrczF0OXIwSS1kY2poOXNxWVBxWVVCVURmMGpleDNzaGVqZndaSzlQQlVkWVRHWXJJVU9KdEFNZXJ3eUJaMUhFTU95eDNiTUhYU2xZVGx4enJJeUFpZUMzUWpPNG02WnhOWVY3aURCREVmMFVRV1MydlBMQ3FKMNIBrwFBVV95cUxNTVlwdlppSVI3cTQtOEowVGVjSWZHbGkxLUpxLV9KMGFablJZc3VkS0dJd3FWT2thaWdhaXNRQTVTS01JTE1ZQ3M5cTVUZTJjTlJ0MWFWVGpGQlZaM0l4SFcyb3VBdFlUdHhFX3NiY3MtRmtBVTA0bzdvQUMwNVl5UExvVXVaX1Mzd1NzdUU0SlpITzhwemc2ajc1US1NNjU0SWJNeE00M1BYZnRGcXU0?oc=5
"From 'Mirzapur' to 'Delhi Crime': Rasika Dugal on craft, perception, and power - Harper's Bazaar India","Tue, 31 Mar 2026 10:39:41 GMT","From 'Mirzapur' to 'Delhi Crime': Rasika Dugal on craft, perception, and power - Harper's Bazaar India",https://news.google.com/rss/articles/CBMi0AFBVV95cUxQZDAzQTJHTTFNZVJBU3ozRlNTOENlSkhORWVnREtRVU1QYk5DUEZ1MXdPcXF4Uzd0eDV0R1B0QnNCblpqdlY5ZE5Sd1BYSzlOcjJTT29sdG1hakNkZkp2Y3B0R3BsNE1pcmRyRzY0d21aZTdYRGtOUUZoRzNYMHV6ZVQ1YUNIZUdwanUxdU5OUnpiMk5sZDd3WlZ1WHJtLWtmRzFZa3BNcnJsZkpMUkwtZXdydFU3a1pzWXJILWM5eC1PTXVDNDdNSXBuWFhUenE20gHWAUFVX3lxTE1XWU8wS2F3aENpUndZeFhaWFNrVGVnWDNtay00TGRHSHROWENoZHowancwWXltQ0RwNnJ3VHlrbTVuWWpfQzFoTTlyc1gtSG1abnlTTHMxbGlRT0ZUWk55UjBiZ3VkNF9GR2VyTU1BUExfVHotNWIzc29aZHMtZjhoSnFoYmdFNjBDN1dvNlBMbC1VbHJadWFjNXJ2czZMMVJtNnhSdDgxZDZ0RGVhNnkwakxBYjYwc2Y2UHJ2enpGSGZRRHNua0pkdE5OclhaU2NFS2Racnc?oc=5
Delhi Crime Branch Arrests Mastermind Behind Temple and Hospital Cheating Racket - The Impressive Times,"Fri, 10 Apr 2026 07:15:25 GMT",Delhi Crime Branch Arrests Mastermind Behind Temple and Hospital Cheating Racket - The Impressive Times,https://news.google.com/rss/articles/CBMif0FVX3lxTFBPdGdiTXczS0xIcjZ6MDgzZmdZN01paHpWRXJrNHpVeFJPUVVLdXZYQXVNYVM2VjZYb2sxSUNENm9TTlozZU5mRE5VeDJNdktkQ05pQUFqYS1GQ2ZibFRuVDVXNEdSV0QxUDZCMlBUdWJ0WVN6WThMMXM5SlBTZkE?oc=5
Man found dead in northeast Delhi; three held for murder - thepatriot.in,"Sat, 11 Apr 2026 13:08:46 GMT",Man found dead in northeast Delhi; three held for murder - thepatriot.in,https://news.google.com/rss/articles/CBMimAFBVV95cUxNclpQWWZUM3pCcTVodHNmV0NQLVYxM0RYVFNnNG05VENuTjdzN2FRYXVZYWhqNTg5M09sMklHVm53SDZPVWFsQ2dSbTdyTnE1NERhdlh3RlJDbUFmcnM3R3NubzdQVmg5a1lwVHR3Q25yM2tzcTg5bVhGdWxWYjctcmdfdk90M3d0WC1rRi1lc0RMNFlzRnhfS9IBngFBVV95cUxOZUNiMmVvaFNkekRJUzF5Q2tNVVAwS1A1dDY2a01Bc3laZE42QzdFaTBCdXl0M1ZvUW9QTXctLXZpQi1sR2JrMldBLWRxdnktS3BEQmw4cVFYb2RwZ0pKaGZseXcxUUQ2emdXSHZvLVRiemcxV0xsbWlNV21MeXQ0Ujd1SExhamE1SzMxVThXOFYyNVZRN2hNajZjYjlKdw?oc=5
Delhi Crime Branch Cracks Down on Cheating Racket Led by Female Kingpin - Devdiscourse,"Fri, 10 Apr 2026 08:13:50 GMT",Delhi Crime Branch Cracks Down on Cheating Racket Led by Female Kingpin - Devdiscourse,https://news.google.com/rss/articles/CBMixAFBVV95cUxOOWlRemVKLVVnQm5XNTc3bWxqamNZSmZBWEZfS3RQOC1qWWxYNTkxdHhqNjFBT3pGMDZ4NFN5cnNLa012N29oNzJaTGVtTmh1cnRtaG9iTXh3SjZBY0ZtR0lYRVlWR3ZkNGFfdndHZ3RQX3V4TlVtdWNDOXBMNVRTSm13NXlyLU93N1U1Ql9VUFkyOV9wWlllOW5DYTJITjF4a2ExTkdIb29RUGRhbEFSSXp6cDBEaFQ4U1VPNW45Rm52bVVF0gHKAUFVX3lxTFBkRHp1emhHa1FNMmUxYTRUdnNYR1JCc0lYNXdNTHdiUzlldC1vMWJMOElORmZJbDJlazNEeDJ0X2NITERtTDR4YW9uQjlyVzAzTnVUNVQ2cHRyZ0tTYTFleGVxVjFHT0JEUDdkNk93X29jYlFhZUhDWkpOek1zajNaTnR1U2V2S0xMTU1SeFJwc0Znb09GWWV2cTlkNGJrVUVKN3Jvb2NsVlM5cnZPTlJBNllGT01DbndBRFdwcW55anZJR1BwcXFWd1E?oc=5
"Delhi Crime Branch busts transnational arms racket linked to Pakistan, Bangladesh; 10 arrested, 21 milita - The Times of India","Wed, 25 Mar 2026 07:00:00 GMT","Delhi Crime Branch busts transnational arms racket linked to Pakistan, Bangladesh; 10 arrested, 21 milita - The Times of India",https://news.google.com/rss/articles/CBMipAJBVV95cUxPRWdTX3FvcWZpNzVDT05nWHQ3V1ZPVGo4S2NmeUZUTnJOQmpESDdFWjhTVEVlMDQ0bWY1V2dseDdyMU9KT1NwVWFMX2xMQ09NdjhoZl9jeUlGc2JQVW1CWDdhU2VvM0k1aG92VmZJYmE2Wk1LeHlSRTNuM245bWpOU0x0eGRKVWRja29EVjZuOENfRTlCdk1sWjZCTUs1NzVZMXJnUWs5c3BpeG1ESnFpbmphRFpYQkc0M0NFUC1IS2NLakxCd2o4OU9zXzgtX1hoZlBmMjM3bS1laFNGZ0hYaVFDeW5Hb2RLeF83azJvM2dmbVIyckFFWHNQYXJmMXFCUlJGSDFXbnpQNTBPM2lKMm90dFFCTmtaVzNWZ05KYWc5MVNa0gGqAkFVX3lxTE5iQU9KcDRxcUtmd2M0VXQwVC02d3pWbHFfVl9JQlJyQjVrMS0tcWxJOFBNRDR3aFhTcFJUck5nM0VrdzNkYkxRWDYySVd1c3F2THU5MzBVQnU3WU5feTJWVjNRc0FJNFZyT3k3NF85TEJ4TjVFWDFNeHFNS1JwN2JnYzNxTWxyVFlmMHhfSUtkVks0ZnEwLWFpalJGVmw0cnJTVTI4empwMXpVX2R1dVBCU0xnZEFWVWdyX0NaUWFlazJxTlJYOUtxdmdNVHhaWHROeGVIb0RXd2dIdU1iSnpYWTRWTklnTzJaZjNMa19Vam1xTGxCWWpSTlFQOHI4UGF4RUdPTzZGVDh0V0Z3LXExYjF2dHJWOFlwUHhaUURXTG9LVEY2ZTFNZmc?oc=5
"Custodial Death Allegations: Delhi High Court Transfers Probe To Crime Branch, Orders ACP-Rank... - Live Law","Wed, 08 Apr 2026 08:00:33 GMT","Custodial Death Allegations: Delhi High Court Transfers Probe To Crime Branch, Orders ACP-Rank... - Live Law",https://news.google.com/rss/articles/CBMi9wFBVV95cUxQNTEzb0NFUTMwaXA3WEdCb3luUUpkOU9vbGt1QWVWX1pIZkFBanNLbGxqQ2ljRDVQYU45NU52VnRYd2xCX29nMDVBeFpHc1hTZUFVeC1tQm9BQmtFcTBvbms4NS1ZQ0UxT01POElmaDkwd1dUSlFGdElzUTg1cV82eTdVbmJaWE9QN3hWSTlhTTFtUTh1SzBnYmhlWDNDTjJHMGNMYjdQSVJUNVNYUVp1a2NrRGNrbUY2MlhNY09QcTZydGhxSS02YXQtbzFTeTA0QlpSLS1jd0thdGVGcmVqbmZRaDlocDJJMVdSYmlTTS1pS3FENWRZ0gH8AUFVX3lxTE9yR3FJZzZxWG95TmNzNnRZUzNQMHZPSERxZTV5dGwyVVpoOTc2aDdpSnZnTF9JNnRuMml5RGNkOEdCdEhzS21RQi03a0dDSElReFJ5cjZ2Tnpmc3lSU05zbEhlWjdpRFg2dEhCUy1QWVRmOVhrQ2FJUDBEWmpvVjFMcXpHTk51MS1NOC1wdnZsbU5jczRJWGwtajE5cFE3V3NqdlBISTlja2ZtNjR3LTJQMk4xbFZnRnhBUVhEdnI5UXc3ZFl3Tm50eEdiX0ZJQXR3Tmh0WEtMa0I3VktFSzdsVmtwN1ppb3ZDNklBcXF4U29hLXgzOS1MSVl4WA?oc=5
Delhi Crime: 47-Year-Old Man Robbed of Rs 25 Lakh by Two Bike-Borne Men; Police Probe On - lokmattimes.com,"Fri, 10 Apr 2026 17:14:55 GMT",Delhi Crime: 47-Year-Old Man Robbed of Rs 25 Lakh by Two Bike-Borne Men; Police Probe On - lokmattimes.com,https://news.google.com/rss/articles/CBMizgFBVV95cUxOejZiV2dkYXFoNk5ENUlFZldRT0dFTVlJS1M1dm9aRVBITHotWElENDhCX1RhNnRjeW5KaHNtcVNURWxKUG9nSmR5OFRhRHNjN0czQUwyLTJ4QjBUNk1vLXhZeU51YkQtRkIyVTZNYko2eFBNejdlcWNDTnZMb2tmQ1U4TmFSRVU5MVR0NEpma29sUkNaT2VaWGEtRzdpWndZTHdBZXdHV3FpYUw4S2FzOWpJQkRuZ1FVZ2dmbDl2Z0o1RjZlN05vQ0laaEVid9IBzgFBVV95cUxOejZiV2dkYXFoNk5ENUlFZldRT0dFTVlJS1M1dm9aRVBITHotWElENDhCX1RhNnRjeW5KaHNtcVNURWxKUG9nSmR5OFRhRHNjN0czQUwyLTJ4QjBUNk1vLXhZeU51YkQtRkIyVTZNYko2eFBNejdlcWNDTnZMb2tmQ1U4TmFSRVU5MVR0NEpma29sUkNaT2VaWGEtRzdpWndZTHdBZXdHV3FpYUw4S2FzOWpJQkRuZ1FVZ2dmbDl2Z0o1RjZlN05vQ0laaEVidw?oc=5
"Delhi: Crime branch busts inter-state mobile theft racket, 83 phones recovered - India's News.Net","Sun, 29 Mar 2026 13:30:00 GMT","Delhi: Crime branch busts inter-state mobile theft racket, 83 phones recovered - India's News.Net",https://news.google.com/rss/articles/CBMiugFBVV95cUxNeG5KZURvNldxN1Rrb0FlU1pHbS1KQXVpcUxjend6UWxmUDU4VHZlNjZFd0FJb3lWRzBCeU9tZEV2NEhlaFAxLTJxbW9FaUVnZmxZaktsaFhHSDl4OF82SUUwMTU2aExneE9fdVBvMF92MEVlWmZQMW5GS3E5ek11UG9YLU1nY01BYUJ4eElLUHdKZXF4RFVXamRhUlRPYnZ6LVdWY0s4NlRQeUhLbHFNb0o3VFcwbnRXZXc?oc=5
"Delhi: Crime Branch nabs proclaimed offender, Mukhiya gang kingpin in Dwarka - english.punjabkesari.com","Wed, 01 Apr 2026 07:03:18 GMT","Delhi: Crime Branch nabs proclaimed offender, Mukhiya gang kingpin in Dwarka - english.punjabkesari.com",https://news.google.com/rss/articles/CBMirAFBVV95cUxPR19KYTE4cE9vSTFFOEw4S2I5bDltWXJMMmhrMUo5c2VUdTZ4d0syOEVSWEJ3QWphb0xTM0xDa2xHUjVHRE83em1RbEFZbDZEcU5TUzNrRldfUTNhaV9VUDJGVWNZSUxqT3M0ZHlJX1UwaFhQeFJOb2ZhelY4TExzVWZIRHhCQ1pvX08yVnlGSXFxMXJCeXVzXzYtM2h6SV9Sb08tc3g0TWVncFND0gGyAUFVX3lxTE0xSDVHU2htOGJLN25WWl9fRk5Eek9UV1A2WGk0d0FZdlVrLXhLVVpJNHQyeFVoY0dYbFdjb3Y2OGFKazVBQTlrUVpnd0stOVJFV1RyOWNRTGZXN0ZnVHNfOV9pUENZMjJfUGNPcW5LSmR4WWxYN2h1c19jMGRhOW5rREd4Znc3SWZRVXN2S3pndjQ2Q0JEcDYya3A2S3czZUFvSDB5OWFRS3hraUdoa2EwSkE?oc=5
Delhi Crime Branch busts counterfeit racket of Sensodyne toothpaste in Khanjawala - BW Police World,"Sat, 04 Apr 2026 14:21:04 GMT",Delhi Crime Branch busts counterfeit racket of Sensodyne toothpaste in Khanjawala - BW Police World,https://news.google.com/rss/articles/CBMixAFBVV95cUxPQzExa2xPV010TEVHdC1sNFJxMGo2SGJhN3ZpMm9rcWJZSVFHbEV3eEphRzhJa1ZtLTZ5MmFXbUdsbVdOcGIzSlFya1g2QVV1YmxDZXdqUzVSWkkzWEFIa0lxTldLZzNKTlJkbk5nVUh0RFJqWHZSZzlHZWZDTEpJVkRqc1ZYLXhnbzgzaVRKZVFGM3hlMmVMSDU1QkdaSDRNdmFTX21qY3RkM2t4aE1pVUJTN0NOa09zS1Z4Z3BlUDRFOHNN?oc=5
"Delhi Crime Branch Exposes Fake Protein Supplement Racket, Two In Custody - NDTV","Mon, 09 Mar 2026 07:00:00 GMT","Delhi Crime Branch Exposes Fake Protein Supplement Racket, Two In Custody - NDTV",https://news.google.com/rss/articles/CBMiqAFBVV95cUxQNlJ4S0hXa1dCbENQeEloTG8ta3ZUNFBJQ2hpM1dGMnVFY3Q4d051ODE5R3RoOGN4d2VkeWdFNld1UFhERDJnRHNyV0YzYTdTZWItRHp4cngyLVpmY2pnbWlyN29NVGZHdnBRQkVoOXU3dWRMczVNOGlyRjV3SmtYZGlzcUdWMENDUTEzZl9oalYtN0s3T2pwa1dJRm9GTFlpR3FMdWp1TknSAbABQVVfeXFMUHR2WnpIWFVqYkxla2NEd2V1Y3lBTVhYa2dQNmhEaDhvQU4tMDY4eXFzZ1FYaU82anc0cndUdHYyenMyS05ZQ0RBZ3plOU1BQlJrV211QmZQOTluNmdoZGwtbGtBTmlZbHdJZFlJa2J1anBpVUYtMzEtVUxLejJqT3dUM0RCbm5fcmZTNTNPTFlaclFKRzh3VjdkOEkwUFl1cld5aWo5SnNYS3RhVDJpbGM?oc=5
Arrest of Gang-Linked Shooter Deepens Delhi Crime Investigation - Devdiscourse,"Sun, 29 Mar 2026 11:20:54 GMT",Arrest of Gang-Linked Shooter Deepens Delhi Crime Investigation - Devdiscourse,https://news.google.com/rss/articles/CBMiugFBVV95cUxQSWRwclAtd3FJZkVlZTN5UlcxREdvMHp0ZTZsY3ctSzczWEVsS3N2ZFc4UVFaOVlyM28zT01aWEdhVFZkS3d2eXcycGpkdFdWRk9LN2hkMXdOLXMxczFNX21xZEhySnBlWDlPRmN1a2tHUVI3MnBrMUUxQXZkbWFfV0VFV2oxb1g0Qjk5SzdBWkI2UVAzSVJUNGNnRFpvWU9sVnVOWnhfWGVDczczUWUzWU0yUVpQbzIwWVHSAb8BQVVfeXFMTkQ5R1JVelZvZEtKYjgxOUtfSG0weXpaRUJkZDlPZDhFR1M0Y3VReThzeXZjdGdoTlFycmQyMGVmM0gwMlhwT2d6Z3g0aDl6NXVwUkdlZkdOZEE4amxBVG53SjMxN3Q0UGlWZU5ZWkJvS3k4SlkzZWtPVUtTbkRRUjY4dm9PbDBEZnVHdTdRc1otR0x1VWhXWVZBLVJtTldfa0FwMzRGZGNrVC1FTDhKQlpOZngtUTZ5UklTUk9wT0E?oc=5
"Delhi Crime Report 2025: Murder, rape, robbery cases drop sharply; police claim improved law and order - India TV News","Wed, 21 Jan 2026 08:00:00 GMT","Delhi Crime Report 2025: Murder, rape, robbery cases drop sharply; police claim improved law and order - India TV News",https://news.google.com/rss/articles/CBMi_wFBVV95cUxNN2RTRTJVU250WVZUelZ3b3ZCZU9tTGZlS05SVWtvY0FMbXhYYmxSVTlkNlBhbFpuV1M0R0lOQVc2RlVOQ0JKLVkzQlkzRlpPMmpkcjVTZzZMRmhiRGVWS1VIdTJGckFjUjY4Rl80cHJEbERkRkppYmhKY2kwaWhtQ1dQWWN3QnBUeG5DLXJSRFhqajdnbnNiVmhmMXZHOXA0alVEbnhKVnk1OTJMUHdCZTdIN1FEV1FLSTJ4Q2NVUVVJR3FrNnpLa1pkVFY2ZlJtZXduVHBwdHROc2dTUFVRNXJSbHJ3dXpMTDJUcFlOVDBGdXc0cE1sM3BHNW1tUWPSAYQCQVVfeXFMTWFjeVliaGp1MGpYckI2b3BPTE1fZVQ0SXhGZFVnd3pWV0lJaXQxOWZJZUQzM2NSUnVIODdqMXlzRHNnSDBJWjR6Zm00b2V4dURFS3VZYlU0UXREMXo4YnBVeFRrVThya0U0SU5WQk9wQXdpeWstQS1USmVuXzFCYjRxNmtjQ1hjdGdNVnhDQXRnd044OGVsaXJhSWhOR3Z3SjBkNXJUQUVDZUFKODR5UTVCVjdfQUgwWlF1SkdmM1Z6R0JjLUhoRHlWYi1ES2FhT2ZjdFc0WFRmdUtKZlpTTFJ0UlREOE9iVUNJZkJGQ0RRMTh6cjVVU3R2UTUxbE1yY1JzNXE?oc=5
"Rape, Pocso convict who jumped bail in 2022 held by Delhi crime branch - The Times of India","Tue, 27 Jan 2026 08:00:00 GMT","Rape, Pocso convict who jumped bail in 2022 held by Delhi crime branch - The Times of India",https://news.google.com/rss/articles/CBMi2gFBVV95cUxQOTJWN2NYd2YzaTZ2MXItODNWMlpld0hvRnk0SDFGWmowdm9vR3Y3RkJOZVZVV3dMQW9hOXk5VkdTYTA2eW8zTDJ6YnpqTnpfci1hdHJic0ZGOXRWUTRVcHZVS2RPUXZwN3RmRGZNWkVNYi00elZxZHdKZUU4eEpkOHdkSTdPdUJTSXh4QU1XSWVfbDRsYkpNZy1sMWZYNTFQdmZGSVFWYkl4WE94MXhfWlR2TzAwTGszZExfdHdrem54T1ZnVjduSThvWmNRNjdsMGhBOFJuM3Rld9IB3wFBVV95cUxQWW51bGh0SktIVlZ0cGZTNjNTMGs5NU1IRVgwMHJsTEFVTWxzUEUyZUxsemkxdnhwdFlCSlBMelhCMDhjYXhjQ1d6WWpMckxUSFdNM1ZKbzdlTFdjc0FGM043MnFHelJBXy1KckNnTUExZ1ZUSHVfOXBoSy02UmotQ0k5bnBBQXA5WmtTVnhBZ1dSblBQMEdqUkhuRjZBLW5FaUc2ZHZ0OVdGVDFkcGhuUC00bzkxZWZLSEZWUHRMZFM2RG4tTkYzUWk1RTJKaDVLZ1VSRWNGam1waVFQTDFr?oc=5
"Rasika Dugal on her toughest scene in Delhi Crime 3: Letting go is heartbreaking, even when you’ve moved - The Times of India","Thu, 13 Nov 2025 08:00:00 GMT","Rasika Dugal on her toughest scene in Delhi Crime 3: Letting go is heartbreaking, even when you’ve moved - The Times of India",https://news.google.com/rss/articles/CBMilwJBVV95cUxNSDg0bEJRMVhJLW9pVVZDZUI3Nk9taWxoY2RsLXJsWWEtMC10aDVvMWhzWnppZlBmeWVNaloxbXptTEYwbGVhaTVEY2hvakxUMnczVnVkbGZNRW5TaXBBT2RPRTVzVU1jSzlPSllDdHdWa3FXVDVJTFBkbVJlaGI1YkptWE9yVmE4eFJPeU5XSkliTGd1ekY3N1p5Wi1aeWlwRW8wSi1QNFhUUDF5WVlpcFpSQnhUZTgzQXBpcVVvc083QkVxRTN3UjRRMmEyRzBtV3UtZTk4MFh2XzJJWWNFSkQ2U0lqd1M3WXFEcG45cGlxQlc3cWFzV1oxMnVtLTExbUJzMDJ3ZDdvX3I2U2g3SENRZUVvdnPSAZwCQVVfeXFMTXl6bXMxOUZsa3JxZ2o3WjVkZjg5TTlHZkNjcnZVOVFESkZWWTRaTUtfRUxKZU5McDhiQzM5d3NXS0otNjdpcEVYY0V4OHhHTzlFby1UTHpHOWlvcW9mUVBPUTE1SjFDbEtVZmpGVS1BdGhQbmh0MEV6djRXZlFSczQ3amJ6LXBDcVR3bmFGeldlRzJMWm91aklSdU5HaGFGYkYtSUlUaVZtaUdBWjkwRGQ1Znp5NEJxcGZtY3k1a05HclFNWW4wczZmX0lPdHRERjF5cVVoTzVaalJLUnNKenhwR3phMkF0dmFIeVVyRmhZQy1VcmVYa0lEMnpjV3JSZ3hXQ2FsZkc0a3lKRkt4VERDSDEyeDJvVzNYYVk?oc=5
IPS Chhaya Sharma: The Real Officer Behind Delhi Crime & the Nirbhaya Probe - The Better India,"Mon, 01 Dec 2025 08:00:00 GMT",IPS Chhaya Sharma: The Real Officer Behind Delhi Crime & the Nirbhaya Probe - The Better India,https://news.google.com/rss/articles/CBMixwFBVV95cUxPY3pGOVBPYk5ybi1rSlZQYno5TjRwdjJrZzc2OTE5cDlWbzJiZHV3bEQ3LWp2R0NQLVNaNHNnY3ppclB3bTVwalozenBXZlp4ZEhCUEN6dHl3Q1ZnODlMQlZzcVdyeGtjX090NnAySk5UZndUUGtrTTZXQS0wR2NKYmY1cURSdjlSS2xmQXl4NlBLSE5FUFVnbWN6dExKVFRaRndQTXQ1dUtFUVB0aXlrVHhpUFdlaFA4X2EwR2NsRzJvdDR1X1dR0gHMAUFVX3lxTE84TDg2MUduMVFXV2pPVmV1VzdvTldIYmZsN2I0ZWM0LUdFWHhib2VfTmx1VUVDU3BEU1M5ZWZ4bm9OT3hfb2tMWHJiSjdWOC1aR3Jfb2tHZ0RScEl1bm5uVDQyQ2FuSUFQZ3M4OTIzRFIyYlh6eWlNODE3a29IOUtqNmtRcE5SaUcxVmoyNzhUeHhvWTB1VmhERzQ5anhQejFVV1A3WUJwYUtCUGkwcEYtN3RxdlNZNzBKNUozSTN5MlZ5dUFNTXdmYmRHYg?oc=5
The missing women that ‘Delhi Crime’ and official statistics fail to acknowledge - Scroll.in,"Fri, 28 Nov 2025 08:00:00 GMT",The missing women that ‘Delhi Crime’ and official statistics fail to acknowledge - Scroll.in,https://news.google.com/rss/articles/CBMisgFBVV95cUxOd2dlVDJ2QkVPYXNQVmpDOG1GcEVlSEJxeW1NMlhXQTFfRHkzRGh0clRvTGdFdm5XS011WnU5T2JfbXlINjJmaVYxcldBbVI1ajlSbGRuWV9sSk5NUm5oNURJU2gyUUw4WDFTQWVfNXFaNjFFVEhtYS10T0k2Q0NrZ1I5cjlhdk5peXBicnNKeWlMQTlBWXRYSTJPZFpnY1pfU0Fia01RUWFmbGZTZE54bWF30gG3AUFVX3lxTE5lQjdzakJ4b3lXYTVkUHo2RnpwSnJYZ3BnU0oxbTVZOWVxYm1Pd2NpM3V6OTVrQjNZM3BMRXJYaHlCUmQ0Tm9qNFNGcmp3OGtDandzSXBzWGJUWnFzSlNoMnVZREZGRjdNWVVZMFZuTjQ4a3MwVUpmdm50Z2liMkFEM01PZG9hZmR4T25JaGlQSlJxdWx4YmtUMHVUY3A5TGcybEZNNFpNcFVMRjA1NVRGZl83TF91QQ?oc=5
Huma Qureshi on her role in ‘Delhi Crime S3’: 'Didn’t want it to be a cardboard villain' - Telegraph India,"Sat, 15 Nov 2025 08:00:00 GMT",Huma Qureshi on her role in ‘Delhi Crime S3’: 'Didn’t want it to be a cardboard villain' - Telegraph India,https://news.google.com/rss/articles/CBMi1gFBVV95cUxPVkRnOTlDV2FMVXVHaTVVa2RmOVEyTF9HXzBfSmI2T0dsYmR6V3c5OGpCNXBlcFFqTXQwUS1TZlFPc2ZTN3BVLXJLR3lHVEJWdUZXWG1sVGEwYzhUcEE0LUFmUlM2bmgwRWsxRnNzZm9JRjJibDQtRlJlNkNRUWh1TzVCMDl0RjZxWnV5aWkyTnpwMDRiNmd6ZTkwUXB6VmdmT0JNc1VJVS1lZVMxYXUtNjhYVFJidFA3QzBPamdweVN6OWlyWU12TEJmSG5QcUdiTTNmRjdR0gHbAUFVX3lxTE8ySGlKQUZpeGc4TTRvaHpBZVdrVW5Hc1d2cWhzZzhSSVZTTlFhNDJZb3hvMUwtNUJxZi1jdVJTT2syLXRSS25mbnFHRHl6d2RKdjVxSEtJWDZlSURqWlJIQ1JmeExYLUdHWnhUSHREcU1ZbTdaVk12dkZsX3ZGN1BndlpmelFtRU5waGxRNHdOcnUzbDJCWk5LSC1pSW1MSDRsTHd3VG5DUFNFaHZvV2pOaE1Gc2tsTlptYjJiUnVIQ3RPV2hDTWUydmFmSEpnQWl5M3U4OTlvM0Zpcw?oc=5
‘I was terrified’: Shefali Shah on exploring a new side of her character in ‘Delhi Crime 3’ - Telegraph India,"Sat, 22 Nov 2025 08:00:00 GMT",‘I was terrified’: Shefali Shah on exploring a new side of her character in ‘Delhi Crime 3’ - Telegraph India,https://news.google.com/rss/articles/CBMi6gFBVV95cUxNTzk5ZTQzazdNclVsOEQwSld2WVczcFlsRWxjOFN1akFWaXV1NWFpVHhJbVRlcG0tbWZFaDI5VFgwRW50WER3Qzhva1lzOGFfRmlMcXZ0UU93N2k0RXZxc0VNMERIbFpNWi1jRWlvRVZ4YmhCYnpWYW5hcm9lSVpLSXA0MmlIdWd5QmZBMnI5WlBCX3RlTk12bFNuWnc2aktxZWd6X3ZTR055MThxUTJNb053VDJKa0kxb1hld1U1ZTNVYXByNXRtSHgtUHRZRGRSMlVhTzNJZUpkVVczTTlud0U3NjBzMjZhUmfSAe8BQVVfeXFMT3NFNnA2bm5VVDlkZllBaHlpRjEtWmZ3dU1qMEp6RlBTSTNjMlVXelJHY01SRV96dWI1LTZqTVVEbk1CZGFKWjJOdmtTajVQMzA0NnBKdU9FeXJFVmRiUDJJbVdhaXZyT0JsMDdqOWFmNEliS2YxSm5UZjBoM05HTGptb1p5T2pWQTM2N20weElzRzNCX09JdG9rYTgzY3ktZ28zRk9uOVRza3dRR2llRHRRY0RUQVdPbllnZ01MR3FFcEVUMTBnNnBBOUMxZXZQQXhXaVE2TWV0cm1uUzR2Qml4OTh2cjVLN2lZOFhjM3M?oc=5
"Shefali Shah on turning executive producer for Delhi Crime 3, no makeup look - India Today","Mon, 10 Nov 2025 08:00:00 GMT","Shefali Shah on turning executive producer for Delhi Crime 3, no makeup look - India Today",https://news.google.com/rss/articles/CBMi3AFBVV95cUxNYjRobjZxaHppRzE5RHZWWG5uOHZyZnc2TFVacjdKeGNyMlVoSWktVE14ZzVVYXlIeFhGbHZOV0hJNHp3b0hHbm1MU2I5RENsZ2xFd2pqWklJclEtN0RHM2duNmp6LVNFVnJVSGxvSnQ2V3F3M0VNTC1lMkl3XzctOEZBNEdUa3FaNnZQeEFSaUtjSXF1aEVteUk4b2dUeFF4QTAzb3V5TnN6S0dPcUt1OWRrNnB6SzZ2Vm9JcUlzUkVEMjliSzd4WmdRNWUwdkxaOWJuclk5Y0NSSnAx0gHiAUFVX3lxTE5Gb0hXdmxlSjZBSVhzNDc1QnhsbzM2UG5hNFlqN2IzUjdWWkR5SXlUSTZ0R2l0T2ZGaVB6WE91VHZ5bW15dzM1bGROUE9LV1NCWE9LUlpwc0M2Vkd6ZWZfQkJrU3hkbTZxT3ljeTlxZWp2TElIMGNNd1ZSWm1lR2NRSXhuYUxzbTVXdWJ2ajRYaHB4WEo3RGNTcWFvMGtSaGwwVXNEU0NGaFowdjVFdy1ISVdqY3hObjh2cnNuY1Q2TWhnOW9sUmhicklFVDhZRnMzYlVpZ2RfOUVWSHNDYTYtV1E?oc=5
Delhi Crime (2019) - IMDb,"Mon, 19 Jan 2026 11:31:41 GMT",Delhi Crime (2019) - IMDb,https://news.google.com/rss/articles/CBMib0FVX3lxTE5DanhVMkItYjg5NWpsSl9LT1VZWF9ZcmhfMjdRdWNaSnVubFdkTlJ1dmVBYVg4cjdXVTd0Y1VfbjVoWTRseDFOamp3aUo2QmRlbEhZUXlZbTVNMU9HV0V0dTEwUGhubEh6d0tKbXBVcw?oc=5
Delhi Crime 3 Has Grit and Realism But Takes Itself Too Seriously - South Asian Herald,"Wed, 26 Nov 2025 08:00:00 GMT",Delhi Crime 3 Has Grit and Realism But Takes Itself Too Seriously - South Asian Herald,https://news.google.com/rss/articles/CBMimwFBVV95cUxPZHZlbXc4LUJWaHpULTd2WUIzeDZtRV9oRVJWZWMzRi1WYW9SSXRDdDV2ZHEyanJMWTVMRDBYSEVyelJycm9FbzdxbjNCRXBhOWpreXFyXzAzQU1sRzFKVE9qeGRLMWJRZGU2S1BZWWQxUWNuaFA3Q1FvRGZxZC1jaFgwTHM5R2xlU2JnMmlkZnp0Z1d1R09zRlJ4aw?oc=5
Huma Qureshi on Delhi Crime 3: This is the darkest role of my career - The Times of India,"Thu, 06 Nov 2025 08:00:00 GMT",Huma Qureshi on Delhi Crime 3: This is the darkest role of my career - The Times of India,https://news.google.com/rss/articles/CBMi9wFBVV95cUxNcWI0ODNubXI0RTg2Vkd2M2IyczkycE5uelR6VVhvd1B0U2dQLVhKSk03cHRKTlJlWlhfanpxZHM1SG5Lb0tQZEVHX0xXVGZUeFpGQkdpS1ZfNDVxc2did2lQOHUzVjZIRWFieFBYalY2UFJ6V3AxRWN1X25tUjRpUUlGNW45OE5XMXpkMFpzQzdaSmhNRWt0WjJ3NFl3VUZLU0ZwMEk3dUtnWWdwcVlhRUxVYkxCUnNwTjdFbDl1T3JfMG91X3RsVXBMYi1jaFEtLS1nTTZ1UkE2bVJ3VUpWU3lXdTJBaTEwa3lIaGZ1SnZ6M3pxZjlF0gH8AUFVX3lxTE55VnRvYVJHR1U1Z1JGMVllZUFVcHpHUzd4dmZvMS1Dd3htRGZONlYxQUJqbG5wWHAzNElQcXZMdVZRRXZETkgzaDh3eHM2dWJMaTZnc0V1R2ROMlZQdlU1cE41emxQMFltZXdPdlY2RlVKQUc0NmRHQnJqSnFXRXlIbnd0VnFOQ1R6LXJuQlhsSTlOOHdBd2NXbE02VGlmU19leGx4Zm4xQUcwVm1TMUJSbWhTTFZkVW13b0dKalRucG11QjRPbWoySW5mZC1BbXZGM01wWTB3NTdHbHAzNmxydE9sOHUzTW5XckhkVlpYckhPY1prOXUwODJUSA?oc=5
‘Delhi Crime S3’ ending explained: Will DCP Vartika be able to save trafficked girls? - Lifestyle Asia Hong Kong,"Fri, 14 Nov 2025 08:00:00 GMT",‘Delhi Crime S3’ ending explained: Will DCP Vartika be able to save trafficked girls? - Lifestyle Asia Hong Kong,https://news.google.com/rss/articles/CBMinAFBVV95cUxNVm1JSGRvMEpLU1JLZG1FVjdlaFFVMUdBYnY4QllLbGJQb0JvVDljZU1Db0hqU2NrbEY2NVBlbmsxSE5zYjNsOXoxdzhsQlNYVHhKTXNkU1FSdTZSYkRzYUtmbEtycmFpSkN3b0xDZGh0aTlPV0t6YUYwaUdldlQ3MmlBWHV3bzRiWEtQdXg3U0xnVFNVaG5kYjlvWnfSAaIBQVVfeXFMT2xBdHpwN3ptZWtiRTJLLWRRWHM5TXdwYlEzRzJVVFdIeVY0THZTMHRzWHktQk9yRm9LZjVSTElVYW9zVEszVDJFZkNZdVdoSlA3dmFYclY5cUQ5TW1XSjJoQ2ZoZklSVWpsYjhNYkc1UC14aWt2cTJuOTZ1bmNuTjFJTEhvbW5YaTluSTJZS0theG1HNEJwRjJwSWxORFlYU3l3?oc=5
‘Delhi Crime 3’ team bats for regulation of work hours: ‘There has to be some structure’ - Telegraph India,"Mon, 10 Nov 2025 08:00:00 GMT",‘Delhi Crime 3’ team bats for regulation of work hours: ‘There has to be some structure’ - Telegraph India,https://news.google.com/rss/articles/CBMiwgFBVV95cUxQclBMQnZLOVh3TElHaHg4WlZuN29yOWwybUlvSS1GYVFXVHdaSjN1MjAwRUdPTUdGQmdxM2FmUlAtd3pleW5XLWVLdDJPU2JidFlRdjJjdlNXYXBIUmtXOUR4Ynd3QlItVTlRMVpGNUF4NUNqcDRMMWwtWFpVejdwNHA2dXNnMmxMb2stcFVvdURJczZUdC1JVnNxUzY1M1hXSGFvLURwTHlvNVFrYndxSzZoTkNwdUVLT0pxdUNEbWwxUdIBxwFBVV95cUxPMGdsTUZrRkxHY3FhbWFrUDJRZ0V2Nk85MnQ4UG40WFh4anhad3p2cTFVYmpsYXM4bExmOGRHY19VcERXWDBacFdZdVg1MWhMOC04VXJGVHcwYzZTWUViWWVyeXlrbzVfX1lrdnB2RXhiVDZXdVpyMU5UdkVSMks0NmxXc2h3T2w3eXFmWFNwbzQ3SkY1Vnl1V3NNRExnaFRLQjhxbTFWak4xc212Z3g1eGRKVm9jQU5MX29WY3kzZkVId2JXVWpB?oc=5
"Farah Khan is astounded by Huma Qureshi's act in Delhi Crime S3, vows to ‘snatch every award’ for her: So proud of you | Bollywood - Hindustan Times","Sun, 16 Nov 2025 08:00:00 GMT","Farah Khan is astounded by Huma Qureshi's act in Delhi Crime S3, vows to ‘snatch every award’ for her: So proud of you | Bollywood - Hindustan Times",https://news.google.com/rss/articles/CBMimAJBVV95cUxOeFRYVFA4cklscHp1WmoxM1JPam53c2R4YXp4TG50TW9qblB4TFdvYllEOUFZUkVpeDUxTS1oU1FkV1dsSEJtVVBFblQyekUxX2xvRnZLNXBDRkxoVTNYc1NQcXpRUk9FU2dyVzJoN2JZSjAyVFdPRVU4eHFPR1ZsbWZwTFZ5Mzlab1BPVWJPU1ZQRTE0bm5reUFSREJYVnMyRkt4Q2ZkSE9XaWtBUXU5RzdkQ0Z3Z2R4WXpYOFNHdDFsSmI3OEZ3enFWTW14Z2FyWTMyR1JKekZIODE2ckQzbG80empWUEpuWGJpbno3a1FQY3pnLXcwTjZYekZ4MndKLUhnaXFHSkhSdnFiamlWWVhMWkRsb1Rv0gGeAkFVX3lxTE9mdFpfMVlGWmU3dXBFcmZFWVRyOTRiRUVRR29fWEV3aXRwcDFGd2hKM2NDdVZ6anVFdDR2NDR4bUlodTlmM21wYUhlTzVMTVRUYUZGZWV4MUxiek1EQmZCYWpUV3JWX0dEanEzTHAwM2kyb1VtZGVXRnM4X3NHRWlvM0x4dlZhNUVQX1pvdlBEeFRWblgzUmVnWXJDOEtfcEdoMzY1UTdHNHFNejdjSjhEWXBVb3N4MV9ROXRxQndUbmtndGp5ZGwzalFBSUFNUWJhRVFxUFoyZE9vak05akpEVmhEMkxrUHhRZ2dCOHYyNnMyVDJHY0VITG4xdlBNQW51OWpSc25JNUI2VkpmNVI3dWo0RHdEQnRyTkRPWmc?oc=5
The real woman behind 'Delhi Crime' - India Today - India Today,"Sat, 22 Nov 2025 08:00:00 GMT",The real woman behind 'Delhi Crime' - India Today - India Today,https://news.google.com/rss/articles/CBMilgFBVV95cUxPdE5qZmNRTUFNN29QMDBCRFVhOF81M2RqNE5la1BZUVpTUWc4Y19CYUdPOXQ4ekExZjhtTlYtOWdMSUN0eElHelR2V2dTUjZWeGJGVERXRVlSNWtPMWhpNDNTREFfNGY1QWF5a2hJdXVYd3N2VUg4bjN5TXQ5UnVFUXdNZjRQYlN5WkJjWWVtLXU3V1I4RHfSAZsBQVVfeXFMTWk2V3dTdGk5aElRRzBhWG5WRDhqTHpGdHBRdkIzVE4yWlNRMW1Pa1NNY09Rb3ZqUTZnSVlPMHQ5U25hRFpTVFNPYS1FbU10WXFzTExhTlluaGVCZHhOODA4U1hjTXpLOGVrTG9VazRuQU9FWVNaRWVZblpWQ05KdEdubXoyQ2lmRjZ3czN3YkpUWGFfNkI1NmJTZ1U?oc=5
"Delhi Crime Data 2024: Burglary Cases Rise 30%, Attempt To Murder Incidents Rise - Outlook India","Thu, 15 Jan 2026 08:00:00 GMT","Delhi Crime Data 2024: Burglary Cases Rise 30%, Attempt To Murder Incidents Rise - Outlook India",https://news.google.com/rss/articles/CBMitgFBVV95cUxQM0tUZHFmcDEybVVjMkkyTmlSVVZwUlplYlFxVDFKS2t0YmQwSEF3RFZIYU5MTnhrRzlpWVlWczk5ekxDVVlqNlZvR2NhbE1fckdJUm9sajc1RUg5OS1UMmJFNUJ5QllQTTNQLXdsVW8xQ3FUWmp2M3ozWWFoTFF4Y3BFZXYtZENIZ29kLWk0U3E3Q2dzTURRUE5rQ1h5Uk9MdTNLZGdQMTNWbHc4YlF6NjZSQUt4QdIBwwFBVV95cUxNOHNjQWhNMG91MklTVF91V3QyNnNGeGVpMnZUVkwzb19BTHFlbkpUNVU1TTZmd3VudUx0VVBoXzdfRjVWcnVOSzNkSlhQTG5yNkxKTDYwY0FEOTM4TUJaUlVDWktHRnU4MVBKS1ItZkRwU1FSTk1jbVNzTkpJMGFPcGtmT0dGVm55NWFnaVo4dHVEMVZCendiOHptR1dZRHctX3ZHMmdJZnE3UzlPT3ZtQXJfQk1oanRpZXBQRzZyUEVYN00?oc=5
Crime Branch Of Delhi Police Files Two FIRs Against Al-Falah University For Cheating And Forgery - News On AIR,"Sun, 16 Nov 2025 08:00:00 GMT",Crime Branch Of Delhi Police Files Two FIRs Against Al-Falah University For Cheating And Forgery - News On AIR,https://news.google.com/rss/articles/CBMiuAFBVV95cUxNa3R2dTVscDJfcnF2UUJKWE1QWXdZaE5HT19sSldseWJRUUFfTUx1YmI5TWJjRzB4SG5zbFFLZjhYZDdRY0VrVmxpaTlnZVBNemlJYU91aEFYNmdadWZ3WFBDWlFlTTM5cy1ISVVfaC1Sd3hUY2tsRGtxeTB2SEh0M1RJeHNmZjJVOFc3V0loVTZlZld1NUNWY1c5ZVJvZFc0WGdfRHhHQXBmbXJrTnQ5TVl0YUtPaVF4?oc=5
Cyber fraud reported in Burari,2026-02-24,A fraud incident was reported in burari. Police are investigating the case.,synthetic_data
Online fraud case in Patel Nagar,2026-03-14,A fraud incident was reported in patel nagar. Police are investigating the case.,synthetic_data
Youth shot dead in Dwarka,2026-02-28,A murder incident was reported in dwarka. Police are investigating the case.,synthetic_data
Cyber fraud reported in Rajouri Garden,2026-03-18,A fraud incident was reported in rajouri garden. Police are investigating the case.,synthetic_data
Body found in Tilak Nagar area,2026-02-14,A murder incident was reported in tilak nagar. Police are investigating the case.,synthetic_data
Child kidnapped from Saket,2026-04-07,A kidnapping incident was reported in saket. Police are investigating the case.,synthetic_data
Online fraud case in Burari,2026-03-29,A fraud incident was reported in burari. Police are investigating the case.,synthetic_data
Child kidnapped from Janakpuri,2026-03-21,A kidnapping incident was reported in janakpuri. Police are investigating the case.,synthetic_data
Cyber fraud reported in Ashok Vihar,2026-03-02,A fraud incident was reported in ashok vihar. Police are investigating the case.,synthetic_data
Man beaten in Hauz Khas,2026-04-01,A assault incident was reported in hauz khas. Police are investigating the case.,synthetic_data
Mobile snatching in Defence Colony,2026-03-30,A theft incident was reported in defence colony. Police are investigating the case.,synthetic_data
Body found in Janakpuri area,2026-03-03,A murder incident was reported in janakpuri. Police are investigating the case.,synthetic_data
Online fraud case in Defence Colony,2026-03-23,A fraud incident was reported in defence colony. Police are investigating the case.,synthetic_data
Online fraud case in Saket,2026-04-04,A fraud incident was reported in saket. Police are investigating the case.,synthetic_data
Man stabbed to death in Vasant Kunj,2026-03-17,A murder incident was reported in vasant kunj. Police are investigating the case.,synthetic_data
Child kidnapped from Connaught Place,2026-03-17,A kidnapping incident was reported in connaught place. Police are investigating the case.,synthetic_data
House robbery in Janakpuri,2026-02-22,A theft incident was reported in janakpuri. Police are investigating the case.,synthetic_data
Scam worth lakhs in Ashok Vihar,2026-03-17,A fraud incident was reported in ashok vihar. Police are investigating the case.,synthetic_data
Kidnap case reported in Janakpuri,2026-03-09,A kidnapping incident was reported in janakpuri. Police are investigating the case.,synthetic_data
Child kidnapped from Lajpat Nagar,2026-03-05,A kidnapping incident was reported in lajpat nagar. Police are investigating the case.,synthetic_data
Man beaten in Najafgarh,2026-04-03,A assault incident was reported in najafgarh. Police are investigating the case.,synthetic_data
Youth shot dead in Lajpat Nagar,2026-03-01,A murder incident was reported in lajpat nagar. Police are investigating the case.,synthetic_data
Harassment case reported in Mayur Vihar,2026-03-18,A assault incident was reported in mayur vihar. Police are investigating the case.,synthetic_data
Minor abducted in Lajpat Nagar,2026-04-06,A kidnapping incident was reported in lajpat nagar. Police are investigating the case.,synthetic_data
Man beaten in Rajouri Garden,2026-03-19,A assault incident was reported in rajouri garden. Police are investigating the case.,synthetic_data
House robbery in Saket,2026-03-15,A theft incident was reported in saket. Police are investigating the case.,synthetic_data
Man beaten in Burari,2026-03-22,A assault incident was reported in burari. Police are investigating the case.,synthetic_data
Man stabbed to death in Karol Bagh,2026-04-01,A murder incident was reported in karol bagh. Police are investigating the case.,synthetic_data
Man stabbed to death in Shahdara,2026-03-28,A murder incident was reported in shahdara. Police are investigating the case.,synthetic_data
Harassment case reported in Shahdara,2026-02-25,A assault incident was reported in shahdara. Police are investigating the case.,synthetic_data
Harassment case reported in Okhla,2026-03-27,A assault incident was reported in okhla. Police are investigating the case.,synthetic_data
Bike stolen from Dwarka,2026-04-04,A theft incident was reported in dwarka. Police are investigating the case.,synthetic_data
Harassment case reported in Burari,2026-03-25,A assault incident was reported in burari. Police are investigating the case.,synthetic_data
House robbery in Najafgarh,2026-02-18,A theft incident was reported in najafgarh. Police are investigating the case.,synthetic_data
Minor abducted in Najafgarh,2026-03-29,A kidnapping incident was reported in najafgarh. Police are investigating the case.,synthetic_data
Bike stolen from Kalkaji,2026-03-29,A theft incident was reported in kalkaji. Police are investigating the case.,synthetic_data
Harassment case reported in Rohini,2026-02-21,A assault incident was reported in rohini. Police are investigating the case.,synthetic_data
Scam worth lakhs in Karol Bagh,2026-04-10,A fraud incident was reported in karol bagh. Police are investigating the case.,synthetic_data
Man beaten in Connaught Place,2026-02-25,A assault incident was reported in connaught place. Police are investigating the case.,synthetic_data
Harassment case reported in Tilak Nagar,2026-03-11,A assault incident was reported in tilak nagar. Police are investigating the case.,synthetic_data
Mobile snatching in Janakpuri,2026-03-26,A theft incident was reported in janakpuri. Police are investigating the case.,synthetic_data
Youth shot dead in Ashok Vihar,2026-04-10,A murder incident was reported in ashok vihar. Police are investigating the case.,synthetic_data
Scam worth lakhs in Kalkaji,2026-03-01,A fraud incident was reported in kalkaji. Police are investigating the case.,synthetic_data
Kidnap case reported in Connaught Place,2026-03-28,A kidnapping incident was reported in connaught place. Police are investigating the case.,synthetic_data
Harassment case reported in Dwarka,2026-04-01,A assault incident was reported in dwarka. Police are investigating the case.,synthetic_data
Kidnap case reported in Rohini,2026-02-19,A kidnapping incident was reported in rohini. Police are investigating the case.,synthetic_data
Online fraud case in Tilak Nagar,2026-04-05,A fraud incident was reported in tilak nagar. Police are investigating the case.,synthetic_data
House robbery in Lajpat Nagar,2026-03-15,A theft incident was reported in lajpat nagar. Police are investigating the case.,synthetic_data
Woman assaulted in Rohini,2026-03-26,A assault incident was reported in rohini. Police are investigating the case.,synthetic_data
Bike stolen from Burari,2026-03-16,A theft incident was reported in burari. Police are investigating the case.,synthetic_data
Body found in Patel Nagar area,2026-02-23,A murder incident was reported in patel nagar. Police are investigating the case.,synthetic_data
Scam worth lakhs in Saket,2026-03-09,A fraud incident was reported in saket. Police are investigating the case.,synthetic_data
Bike stolen from Okhla,2026-03-17,A theft incident was reported in okhla. Police are investigating the case.,synthetic_data
Body found in Rajouri Garden area,2026-02-16,A murder incident was reported in rajouri garden. Police are investigating the case.,synthetic_data
Man stabbed to death in Patel Nagar,2026-02-18,A murder incident was reported in patel nagar. Police are investigating the case.,synthetic_data
Man beaten in Pitampura,2026-04-12,A assault incident was reported in pitampura. Police are investigating the case.,synthetic_data
Minor abducted in Kalkaji,2026-03-17,A kidnapping incident was reported in kalkaji. Police are investigating the case.,synthetic_data
Child kidnapped from Rohini,2026-02-15,A kidnapping incident was reported in rohini. Police are investigating the case.,synthetic_data
Minor abducted in Saket,2026-04-01,A kidnapping incident was reported in saket. Police are investigating the case.,synthetic_data
Woman assaulted in Patel Nagar,2026-03-26,A assault incident was reported in patel nagar. Police are investigating the case.,synthetic_data
Cyber fraud reported in Kalkaji,2026-03-11,A fraud incident was reported in kalkaji. Police are investigating the case.,synthetic_data
Body found in Connaught Place area,2026-03-10,A murder incident was reported in connaught place. Police are investigating the case.,synthetic_data
Mobile snatching in Najafgarh,2026-03-24,A theft incident was reported in najafgarh. Police are investigating the case.,synthetic_data
Man beaten in Lajpat Nagar,2026-03-20,A assault incident was reported in lajpat nagar. Police are investigating the case.,synthetic_data
Harassment case reported in Patel Nagar,2026-03-26,A assault incident was reported in patel nagar. Police are investigating the case.,synthetic_data
Kidnap case reported in Shahdara,2026-03-19,A kidnapping incident was reported in shahdara. Police are investigating the case.,synthetic_data
Cyber fraud reported in Connaught Place,2026-03-18,A fraud incident was reported in connaught place. Police are investigating the case.,synthetic_data
Body found in Mayur Vihar area,2026-02-12,A murder incident was reported in mayur vihar. Police are investigating the case.,synthetic_data
Scam worth lakhs in Shahdara,2026-02-20,A fraud incident was reported in shahdara. Police are investigating the case.,synthetic_data
Scam worth lakhs in Najafgarh,2026-02-24,A fraud incident was reported in najafgarh. Police are investigating the case.,synthetic_data
Body found in Lajpat Nagar area,2026-03-19,A murder incident was reported in lajpat nagar. Police are investigating the case.,synthetic_data
Scam worth lakhs in Mayur Vihar,2026-04-06,A fraud incident was reported in mayur vihar. Police are investigating the case.,synthetic_data
Mobile snatching in Connaught Place,2026-02-17,A theft incident was reported in connaught place. Police are investigating the case.,synthetic_data
Online fraud case in Vasant Kunj,2026-04-11,A fraud incident was reported in vasant kunj. Police are investigating the case.,synthetic_data
House robbery in Connaught Place,2026-03-08,A theft incident was reported in connaught place. Police are investigating the case.,synthetic_data
Mobile snatching in Patel Nagar,2026-02-19,A theft incident was reported in patel nagar. Police are investigating the case.,synthetic_data
Child kidnapped from Tilak Nagar,2026-03-23,A kidnapping incident was reported in tilak nagar. Police are investigating the case.,synthetic_data
Child kidnapped from Patel Nagar,2026-02-14,A kidnapping incident was reported in patel nagar. Police are investigating the case.,synthetic_data
Bike stolen from Shahdara,2026-02-22,A theft incident was reported in shahdara. Police are investigating the case.,synthetic_data
Kidnap case reported in Patel Nagar,2026-04-05,A kidnapping incident was reported in patel nagar. Police are investigating the case.,synthetic_data
Man beaten in Vasant Kunj,2026-03-05,A assault incident was reported in vasant kunj. Police are investigating the case.,synthetic_data
Bike stolen from Mayur Vihar,2026-02-24,A theft incident was reported in mayur vihar. Police are investigating the case.,synthetic_data
Scam worth lakhs in Hauz Khas,2026-03-20,A fraud incident was reported in hauz khas. Police are investigating the case.,synthetic_data
House robbery in Vasant Kunj,2026-02-25,A theft incident was reported in vasant kunj. Police are investigating the case.,synthetic_data
Minor abducted in Burari,2026-02-27,A kidnapping incident was reported in burari. Police are investigating the case.,synthetic_data
Scam worth lakhs in Rohini,2026-02-11,A fraud incident was reported in rohini. Police are investigating the case.,synthetic_data
Kidnap case reported in Dwarka,2026-02-11,A kidnapping incident was reported in dwarka. Police are investigating the case.,synthetic_data
Youth shot dead in Connaught Place,2026-04-02,A murder incident was reported in connaught place. Police are investigating the case.,synthetic_data
Man stabbed to death in Lajpat Nagar,2026-03-16,A murder incident was reported in lajpat nagar. Police are investigating the case.,synthetic_data
Minor abducted in Tilak Nagar,2026-04-08,A kidnapping incident was reported in tilak nagar. Police are investigating the case.,synthetic_data
Man stabbed to death in Dwarka,2026-02-17,A murder incident was reported in dwarka. Police are investigating the case.,synthetic_data
Woman assaulted in Defence Colony,2026-03-10,A assault incident was reported in defence colony. Police are investigating the case.,synthetic_data
Man stabbed to death in Mayur Vihar,2026-03-28,A murder incident was reported in mayur vihar. Police are investigating the case.,synthetic_data
House robbery in Defence Colony,2026-03-07,A theft incident was reported in defence colony. Police are investigating the case.,synthetic_data
House robbery in Dwarka,2026-04-07,A theft incident was reported in dwarka. Police are investigating the case.,synthetic_data
Bike stolen from Rajouri Garden,2026-04-02,A theft incident was reported in rajouri garden. Police are investigating the case.,synthetic_data
Online fraud case in Janakpuri,2026-03-13,A fraud incident was reported in janakpuri. Police are investigating the case.,synthetic_data
Man stabbed to death in Connaught Place,2026-03-02,A murder incident was reported in connaught place. Police are investigating the case.,synthetic_data
Online fraud case in Kalkaji,2026-03-13,A fraud incident was reported in kalkaji. Police are investigating the case.,synthetic_data
Online fraud case in Okhla,2026-03-02,A fraud incident was reported in okhla. Police are investigating the case.,synthetic_data
Scam worth lakhs in Dwarka,2026-03-28,A fraud incident was reported in dwarka. Police are investigating the case.,synthetic_data
Mobile snatching in Karol Bagh,2026-03-29,A theft incident was reported in karol bagh. Police are investigating the case.,synthetic_data
Online fraud case in Karol Bagh,2026-03-08,A fraud incident was reported in karol bagh. Police are investigating the case.,synthetic_data
Cyber fraud reported in Dwarka,2026-03-25,A fraud incident was reported in dwarka. Police are investigating the case.,synthetic_data
Woman assaulted in Mayur Vihar,2026-02-26,A assault incident was reported in mayur vihar. Police are investigating the case.,synthetic_data
Cyber fraud reported in Defence Colony,2026-03-05,A fraud incident was reported in defence colony. Police are investigating the case.,synthetic_data
Woman assaulted in Connaught Place,2026-02-24,A assault incident was reported in connaught place. Police are investigating the case.,synthetic_data
Bike stolen from Ashok Vihar,2026-03-04,A theft incident was reported in ashok vihar. Police are investigating the case.,synthetic_data
House robbery in Karol Bagh,2026-03-25,A theft incident was reported in karol bagh. Police are investigating the case.,synthetic_data
House robbery in Ashok Vihar,2026-04-06,A theft incident was reported in ashok vihar. Police are investigating the case.,synthetic_data
Child kidnapped from Mayur Vihar,2026-04-09,A kidnapping incident was reported in mayur vihar. Police are investigating the case.,synthetic_data
Body found in Karol Bagh area,2026-03-16,A murder incident was reported in karol bagh. Police are investigating the case.,synthetic_data
Child kidnapped from Kalkaji,2026-02-22,A kidnapping incident was reported in kalkaji. Police are investigating the case.,synthetic_data
Man beaten in Ashok Vihar,2026-04-03,A assault incident was reported in ashok vihar. Police are investigating the case.,synthetic_data
Woman assaulted in Kalkaji,2026-03-03,A assault incident was reported in kalkaji. Police are investigating the case.,synthetic_data
Mobile snatching in Okhla,2026-04-01,A theft incident was reported in okhla. Police are investigating the case.,synthetic_data
Body found in Ashok Vihar area,2026-03-01,A murder incident was reported in ashok vihar. Police are investigating the case.,synthetic_data
House robbery in Patel Nagar,2026-02-25,A theft incident was reported in patel nagar. Police are investigating the case.,synthetic_data
Kidnap case reported in Lajpat Nagar,2026-03-23,A kidnapping incident was reported in lajpat nagar. Police are investigating the case.,synthetic_data
Harassment case reported in Defence Colony,2026-03-26,A assault incident was reported in defence colony. Police are investigating the case.,synthetic_data
Woman assaulted in Hauz Khas,2026-02-27,A assault incident was reported in hauz khas. Police are investigating the case.,synthetic_data
Online fraud case in Lajpat Nagar,2026-03-02,A fraud incident was reported in lajpat nagar. Police are investigating the case.,synthetic_data
Body found in Najafgarh area,2026-04-01,A murder incident was reported in najafgarh. Police are investigating the case.,synthetic_data
Online fraud case in Pitampura,2026-03-10,A fraud incident was reported in pitampura. Police are investigating the case.,synthetic_data
Minor abducted in Shahdara,2026-04-10,A kidnapping incident was reported in shahdara. Police are investigating the case.,synthetic_data
Youth shot dead in Pitampura,2026-03-27,A murder incident was reported in pitampura. Police are investigating the case.,synthetic_data
Mobile snatching in Hauz Khas,2026-03-29,A theft incident was reported in hauz khas. Police are investigating the case.,synthetic_data
Man beaten in Rohini,2026-03-09,A assault incident was reported in rohini. Police are investigating the case.,synthetic_data
Cyber fraud reported in Najafgarh,2026-04-02,A fraud incident was reported in najafgarh. Police are investigating the case.,synthetic_data
Harassment case reported in Vasant Kunj,2026-03-13,A assault incident was reported in vasant kunj. Police are investigating the case.,synthetic_data
Woman assaulted in Okhla,2026-03-14,A assault incident was reported in okhla. Police are investigating the case.,synthetic_data
Mobile snatching in Vasant Kunj,2026-02-27,A theft incident was reported in vasant kunj. Police are investigating the case.,synthetic_data
Cyber fraud reported in Mayur Vihar,2026-03-27,A fraud incident was reported in mayur vihar. Police are investigating the case.,synthetic_data
Kidnap case reported in Burari,2026-03-08,A kidnapping incident was reported in burari. Police are investigating the case.,synthetic_data
Minor abducted in Dwarka,2026-04-02,A kidnapping incident was reported in dwarka. Police are investigating the case.,synthetic_data
Cyber fraud reported in Lajpat Nagar,2026-02-15,A fraud incident was reported in lajpat nagar. Police are investigating the case.,synthetic_data
Body found in Vasant Kunj area,2026-03-01,A murder incident was reported in vasant kunj. Police are investigating the case.,synthetic_data
Man stabbed to death in Kalkaji,2026-03-24,A murder incident was reported in kalkaji. Police are investigating the case.,synthetic_data
House robbery in Rajouri Garden,2026-03-04,A theft incident was reported in rajouri garden. Police are investigating the case.,synthetic_data
Child kidnapped from Hauz Khas,2026-03-01,A kidnapping incident was reported in hauz khas. Police are investigating the case.,synthetic_data
Woman assaulted in Najafgarh,2026-04-05,A assault incident was reported in najafgarh. Police are investigating the case.,synthetic_data
Bike stolen from Connaught Place,2026-03-02,A theft incident was reported in connaught place. Police are investigating the case.,synthetic_data
Mobile snatching in Pitampura,2026-02-28,A theft incident was reported in pitampura. Police are investigating the case.,synthetic_data
Harassment case reported in Hauz Khas,2026-02-23,A assault incident was reported in hauz khas. Police are investigating the case.,synthetic_data
Youth shot dead in Kalkaji,2026-04-10,A murder incident was reported in kalkaji. Police are investigating the case.,synthetic_data
Scam worth lakhs in Connaught Place,2026-02-25,A fraud incident was reported in connaught place. Police are investigating the case.,synthetic_data
Cyber fraud reported in Saket,2026-02-23,A fraud incident was reported in saket. Police are investigating the case.,synthetic_data
Youth shot dead in Okhla,2026-04-07,A murder incident was reported in okhla. Police are investigating the case.,synthetic_data
Online fraud case in Rohini,2026-02-12,A fraud incident was reported in rohini. Police are investigating the case.,synthetic_data
Cyber fraud reported in Janakpuri,2026-03-06,A fraud incident was reported in janakpuri. Police are investigating the case.,synthetic_data
Harassment case reported in Karol Bagh,2026-04-07,A assault incident was reported in karol bagh. Police are investigating the case.,synthetic_data
Cyber fraud reported in Rohini,2026-03-17,A fraud incident was reported in rohini. Police are investigating the case.,synthetic_data
Man stabbed to death in Najafgarh,2026-03-13,A murder incident was reported in najafgarh. Police are investigating the case.,synthetic_data
Man stabbed to death in Rohini,2026-03-24,A murder incident was reported in rohini. Police are investigating the case.,synthetic_data
House robbery in Okhla,2026-04-10,A theft incident was reported in okhla. Police are investigating the case.,synthetic_data
Bike stolen from Najafgarh,2026-04-05,A theft incident was reported in najafgarh. Police are investigating the case.,synthetic_data
Man beaten in Tilak Nagar,2026-03-27,A assault incident was reported in tilak nagar. Police are investigating the case.,synthetic_data
Scam worth lakhs in Defence Colony,2026-03-12,A fraud incident was reported in defence colony. Police are investigating the case.,synthetic_data
Woman assaulted in Dwarka,2026-02-19,A assault incident was reported in dwarka. Police are investigating the case.,synthetic_data
Man beaten in Karol Bagh,2026-04-01,A assault incident was reported in karol bagh. Police are investigating the case.,synthetic_data
Woman assaulted in Rajouri Garden,2026-04-07,A assault incident was reported in rajouri garden. Police are investigating the case.,synthetic_data
Mobile snatching in Kalkaji,2026-04-11,A theft incident was reported in kalkaji. Police are investigating the case.,synthetic_data
Minor abducted in Patel Nagar,2026-03-14,A kidnapping incident was reported in patel nagar. Police are investigating the case.,synthetic_data
Minor abducted in Hauz Khas,2026-02-16,A kidnapping incident was reported in hauz khas. Police are investigating the case.,synthetic_data
Minor abducted in Pitampura,2026-02-17,A kidnapping incident was reported in pitampura. Police are investigating the case.,synthetic_data
Kidnap case reported in Kalkaji,2026-03-30,A kidnapping incident was reported in kalkaji. Police are investigating the case.,synthetic_data
Child kidnapped from Karol Bagh,2026-03-12,A kidnapping incident was reported in karol bagh. Police are investigating the case.,synthetic_data
Online fraud case in Najafgarh,2026-03-15,A fraud incident was reported in najafgarh. Police are investigating the case.,synthetic_data
Scam worth lakhs in Burari,2026-04-07,A fraud incident was reported in burari. Police are investigating the case.,synthetic_data
Mobile snatching in Burari,2026-03-24,A theft incident was reported in burari. Police are investigating the case.,synthetic_data
Bike stolen from Saket,2026-03-17,A theft incident was reported in saket. Police are investigating the case.,synthetic_data
Scam worth lakhs in Janakpuri,2026-02-19,A fraud incident was reported in janakpuri. Police are investigating the case.,synthetic_data
Scam worth lakhs in Okhla,2026-02-21,A fraud incident was reported in okhla. Police are investigating the case.,synthetic_data
House robbery in Burari,2026-03-09,A theft incident was reported in burari. Police are investigating the case.,synthetic_data
Kidnap case reported in Hauz Khas,2026-03-25,A kidnapping incident was reported in hauz khas. Police are investigating the case.,synthetic_data
Online fraud case in Mayur Vihar,2026-03-24,A fraud incident was reported in mayur vihar. Police are investigating the case.,synthetic_data
Man stabbed to death in Janakpuri,2026-04-07,A murder incident was reported in janakpuri. Police are investigating the case.,synthetic_data
Man stabbed to death in Burari,2026-03-16,A murder incident was reported in burari. Police are investigating the case.,synthetic_data
Mobile snatching in Mayur Vihar,2026-02-26,A theft incident was reported in mayur vihar. Police are investigating the case.,synthetic_data
Youth shot dead in Mayur Vihar,2026-02-23,A murder incident was reported in mayur vihar. Police are investigating the case.,synthetic_data
Kidnap case reported in Rajouri Garden,2026-02-22,A kidnapping incident was reported in rajouri garden. Police are investigating the case.,synthetic_data
Body found in Okhla area,2026-03-03,A murder incident was reported in okhla. Police are investigating the case.,synthetic_data
Minor abducted in Janakpuri,2026-03-03,A kidnapping incident was reported in janakpuri. Police are investigating the case.,synthetic_data
Youth shot dead in Rohini,2026-04-10,A murder incident was reported in rohini. Police are investigating the case.,synthetic_data
Bike stolen from Lajpat Nagar,2026-03-09,A theft incident was reported in lajpat nagar. Police are investigating the case.,synthetic_data
Body found in Shahdara area,2026-02-14,A murder incident was reported in shahdara. Police are investigating the case.,synthetic_data
Bike stolen from Hauz Khas,2026-02-20,A theft incident was reported in hauz khas. Police are investigating the case.,synthetic_data
Harassment case reported in Kalkaji,2026-03-17,A assault incident was reported in kalkaji. Police are investigating the case.,synthetic_data
Kidnap case reported in Ashok Vihar,2026-02-25,A kidnapping incident was reported in ashok vihar. Police are investigating the case.,synthetic_data
Woman assaulted in Ashok Vihar,2026-03-30,A assault incident was reported in ashok vihar. Police are investigating the case.,synthetic_data
